中文名,外文名,ICAO代码,IATA代码,通航日期,所属地区,飞行区等级,机场类型,地区管理,航站楼面积,机位数量,跑道长度,航线数量,通航城市,旅客吞吐量,货邮吞吐量,起降架次,运营机构,开通城市,总投资,跑&nbsp;&nbsp;&nbsp;&nbsp;道,轨道交通线路站点,铁&nbsp;&nbsp;&nbsp;&nbsp;路,旅客捷运系统,枢纽航司,地&nbsp;&nbsp;&nbsp;&nbsp;址,安全管理机构,设计旅客年吞吐量,设计货邮年吞吐量,东跑道长度,西跑道长度,跑道宽度,客运航线,地理位置,始建时间,航站楼数量,机场地址,通航时间,机场代码,机场性质
成都天府国际机场,Chengdu Tianfu International Airport,ZUTF,TFU,2021年6月27日,中国 四川省 成都市,4F,民用运输机场,中国民用航空西南地区管理局,719600 m² （截至2021年6月）,210 个 （截至2021年6月）,4000米、3800米、3200米，共3条,70 条 [109] （2024年4月）,151座 （2022/2023年冬春航季）,4478.6 万人次 [86] [99] （2023年）,81164.9 吨 （2022年）,120270架次 （2022年）,四川省机场集团有限公司成都天府国际机场分公司 成都天府国际机场管理委员会,,,,,,,,,,,,,,,,,,,,,,
营口兰旗机场,Yingkou Lanqi Airport,ZYYK,YKH,2016年2月3日,中国辽宁省营口市,4C级,民用运输机场,中国民用航空东北地区管理局,20000 m² （截至2022年12月）,6 个 （截至2022年12月）,2500 m （截至2022年12月）,7 条 （2022/2023年冬春航季）,10座（2022/2023年冬春航季）,151526 人次 （2021年）,801.3 吨 （2021年）,1899架次（2021年）,海航集团有限公司 营口机场有限公司,,,,,,,,,,,,,,,,,,,,,,
芜湖宣州机场,Wuhu Xuanzhou Airport,ZSWA,WHA,2021年4月30日,中国安徽省芜湖市、宣城市,4C级,民用运输机场,中国民用航空华东地区管理局,25000 m² （截至2021年4月）,41 个 （截至2021年4月）,2800 m （截至2021年4月）,28 条 （2023年夏秋航季）,35座（2023年夏秋航季）,387216 人次 （2022年）,5029.6 吨 （2022年）,12889架次（2022年）,芜湖宣城机场建设投资有限公司,,,,,,,,,,,,,,,,,,,,,,
乌兰察布集宁机场,ULANQAB JINING AIRPORT,ZBUC,UCB,2016年4月25日,中国内蒙古自治区乌兰察布市,4C,民用运输机场,中国民用航空华北地区管理局,35773 m² （截至2022年6月）,9 个 （截至2022年6月）,3200 m （截至2022年6月）,4 条 （2022年夏秋航季）,6座（2022年夏秋航季）,44571 人次 （2021年）,21.9 吨 （2021年）,2299架次（2021年）,内蒙古自治区民航机场集团有限责任公司 内蒙古乌兰察布民航机场有限责任公司,,,,,,,,,,,,,,,,,,,,,,
果洛大武机场,Guoluo Maqin Airport,ZLGL,GMQ,2016年7月1日,中国青海省果洛藏族自治州,4C级,民用运输机场,中国民用航空西南地区管理局,3000平方米（截至2020年4月）,4个（截至2020年4月）,3800米（截至2020年4月）,1条（截至2020年4月）,1个（截至2020年4月）,13.5125万人次（2019年）,1243.1吨（2019年）,1388架次（2019年）,西部机场集团青海机场有限公司,,,,,,,,,,,,,,,,,,,,,,
建三江湿地机场,Jiansanjiang Wetland Airport,ZYJS,JSJ,2017年10月29日,中国 黑龙江省 佳木斯市 富锦市,4C,民用运输机场,中国民用航空东北地区管理局,3000 m² （截至2015年8月）,4 个 （截至2015年8月）,2500 m （截至2015年8月）,4 条,,101426 人次 （2024年）,,2633 （2024年）,首都机场集团有限公司 黑龙江省机场管理集团有限公司 建三江湿地机场管理有限公司,,,,,,,,,,,,,,,,,,,,,,
海西茫崖机场,Haixi Mangya Airport,ZLHX,HTT,2015年6月26日,中国青海省海西蒙古族藏族自治州,4C,民用运输机场,中国民用航空西北地区管理局,3000 m² （截至2024年5月）,4 个 （截至2024年5月）,3600 m （截至2024年5月）,2 条 （2025年夏秋航季）,3座（2025年夏秋航季）,75554 人次 （2024年）,345.9 吨 （2024年）,1072架次（2024年）,西部机场集团 青海机场有限公司花土沟机场分公司,,,,,,,,,,,,,,,,,,,,,,
巴里坤大河机场,Balikun Dahe Airport,ZWLK,DHH,2025年7月11日,中国新疆维吾尔自治区巴里坤哈萨克自治县,4C,民用机场 [24],中国民用航空新疆管理局,4000 m² （截至2025年7月）,5 个 （截至2025年7月）,3000 m （截至2025年7月）,2 条 （2025年夏秋航季）,5座 （据2025航班时刻表显示）,,,,新疆机场（集团）有限责任公司,,,,,,,,,,,,,,,,,,,,,,
三沙永兴机场,Sansha Yongxing Airport,ZJYX,XYI,2016年12月22日,中国海南省三沙市,4C级,军民合用机场,中国民用航空中南地区管理局,3500平方米（截至2016年12月）,4个（截至2016年12月）,3000米（截至2016年12月）,1 条 （2022年夏秋航季）,1座（2022年夏秋航季）,36405 人次 （2021年）,200.2 吨 （2021年）,523架次（2021年）,海南机场设施股份有限公司 三沙永兴机场管理有限公司,,,,,,,,,,,,,,,,,,,,,,
绥芬河东宁机场,Suifenhe Dongning Airport,ZYSD,HSF,2024年12月28日,中国黑龙江省牡丹江市,4C,民用运输机场,中国民用航空东北地区管理局,4874 m² （截至2024年12月）,6 个 （截至2024年12月）,2500 m （截至2024年12月）,2 条 （2024/2025年冬春航季）,4座（2024/2025年冬春航季）,,,,黑龙江省机场管理集团有限公司,,,,,,,,,,,,,,,,,,,,,,
五大连池德都机场,Wudalianchi Dedu Airport,ZYDU,DTU,2017年11月22日,中国黑龙江省黑河市五大连池市,4C级,民用运输机场,中国民用航空东北地区管理局,3000平方米（截止2017年11月）,4个（截至2017年11月）,2500米（截止2017年11月）,1条（截至2020年7月）,2个（截至2020年7月）,62942人次（2019年）,,1336架次（2019年）,黑龙江省机场管理集团有限公司 五大连池德都机场管理有限公司,,,,,,,,,,,,,,,,,,,,,,
亳州机场,Bozhou Airport,ZSBO,BZJ,2025年11月12日,中国安徽省亳州市,4C,民用运输机场,中国民用航空华东地区管理局,11600 m² （截至2025年11月）,9 个 （截至2025年11月）,2600 m （截至2025年11月）,4 条 （2025/2026年冬春航季）,8座（2025/2026年冬春航季）,,,,安徽民航机场集团有限公司 亳州机场管理有限公司,,,,,,,,,,,,,,,,,,,,,,
重庆巫山机场,Chongqing Wushan Airport,ZUWS,WSK,2019年8月16日,中国重庆市巫山县和奉节县,4C级,民用运输机场,中国民用航空西南地区管理局,3500平方米（截至2020年4月）,5个（截至2020年4月）,2600米（截至2020年4月）,3条（截至2020年4月）,4个（截至2020年4月）,1.3363万人次（2019年）,0.0吨（2019年）,184架次（2019年）,重庆机场集团有限公司 重庆巫山神女峰机场有限公司,,,,,,,,,,,,,,,,,,,,,,
塔什库尔干红其拉甫机场,Tashikuergan Hongqilafu Airport,ZWTK,HQL,2022年12月23日,中国新疆维吾尔自治区喀什地区,4C,军民合用机场,中国民用航空新疆管理局,3005 m² （截至2022年12月）,4 个 （截至2022年12月）,3800 m （截至2022年12月）,1 条 （2022/2023年冬春航季）,1座（2022/2023年冬春航季）,15787 人次 （2023年）,1.1 吨 （2023年）,256架次（2023年）,新疆机场（集团）有限责任公司塔什库尔干机场,,,,,,,,,,,,,,,,,,,,,,
重庆仙女山机场,Chongqing Xiannvshan Airport,ZUWL,CQW,2020年12月18日,中国重庆市武隆区,4C,民用运输机场,中国民用航空西南地区管理局,6000 m² （截至2020年12月）,6 个 （截至2020年12月）,2800 m （截至2020年12月）,4 条 （2021年夏秋航季）,5座 （2021年夏秋航季）,200 人次 （2020年）,,2架次（2020年）,重庆机场集团有限公司,万州、梁平、永川,,,,,,,,,,,,,,,,,,,,,
海北祁连机场,Haibei Qilian Airport,ZLHB,HBQ,2018年8月28日,中国青海省 海北藏族自治州,4C级,民用运输机场,中国民用航空西北地区管理局,3000平方米（截至2018年8月）,4个（截至2018年8月）,3400米（截至2018年8月）,1 条 （截至2020年8月）,1个（截至2020年8月）,31566 人次 （2019年）,141.7吨（2019年）,536架次（2019年）,西部机场集团有限公司 青海机场有限公司祁连机场分公司,,,,,,,,,,,,,,,,,,,,,,
宁蒗泸沽湖机场,Ninglang Luguhu Airport,ZPNL,NLH,2015年10月12日,中国云南省,4C级,民用运输机场,中国民用航空西南地区管理局,5000平方米（截至2015年10月）,4个（截至2015年10月）,3400米（截至2015年10月）,5条（截至2018年9月）,4个（截至2018年9月）,21.6万人次（2019年）,62吨（2019年）,2168架次（2019年）,云南机场集团 有限责任公司,,,,,,,,,,,,,,,,,,,,,,
嘉兴南湖机场,Jiaxing Nanhu Airport,ZSJX,JNH,2025年12月26日,中国浙江省嘉兴市,4E,军民合用机场,中国民用航空华东地区管理局,25893 m² （截至2025年12月）,56 个 （截至2025年12月）,3400 m （截至2025年12月）,11 条,12座（2025/2026年冬春航季）,,,,浙江省机场集团有限公司 浙江省嘉兴机场管理有限公司,,,,,,,,,,,,,,,,,,,,,,
甘孜康定机场,Ganzi Kangding Airport,ZUKD,KGT,2008年10月22日,中国四川省甘孜藏族自治州,4C级,民用运输机场,中国民用航空西南地区管理局,5500平方米（截至2020年4月）,3个（截至2020年4月）,4000米（截至2020年4月）,3条（截至2020年5月）,4个（截至2020年5月）,5.5020万人次（2019年）,17.3吨（2019年）,1290架次（2019年）,四川康定机场集团有限责任公司 四川航空公司,,,,,,,,,,,,,,,,,,,,,,
日喀则定日机场,Rikaze/Xigaze Dingri  Airport,ZUDR,DDR,2022年12月24日,中国西藏自治区日喀则市,4C,军民合用机场,中国民用航空西南地区管理局,4000 m² （截至2022年12月）,5 个 （截至2022年12月）,4500 m （截至2022年12月）,1 条 （2023年夏秋航季）,2座（2023年夏秋航季）,67 人次 （2022年）,0.6 吨 （2022年）,2架次（2022年）,民航西藏自治区机场集团有限公司日喀则定日机场分公司,,,,,,,,,,,,,,,,,,,,,,
山南隆子机场,Shannan Longzi Airport,ZUSH,LGZ,2022年12月23日,中国西藏自治区山南市,4C,军民合用机场,中国民用航空西南地区管理局,4080 m² （截至2022年12月）,5 个 （截至2022年12月）,4500 m （截至2022年12月）,1 条 （2022/2023年冬春航季）,2座（2022/2023年冬春航季）,64 人次 （2022年）,,2架次（2022年）,民航西藏自治区机场集团有限公司隆子机场分公司,,,,,,,,,,,,,,,,,,,,,,
和静巴音布鲁克机场,Hejing Bayinbuluke Airport,ZWHJ,HJB,2024年8月17日,中国新疆维吾尔自治区巴音郭楞蒙古自治州和静县,4C,民用运输机场,中国民用航空新疆管理局,3500 m² （截至2024年8月）,6 个 （截至2024年8月）,3000 m （截至2024年8月）,1 条 （2024年夏秋航季）,1座（2024年夏秋航季）,,,,和静县巴音布鲁克民用机场建设管理有限责任公司,,,,,,,,,,,,,,,,,,,,,,
阿勒泰雪都机场,Aletai Xuedu Airport,ZWAT,AAT,1956年10月12日,中国新疆维吾尔自治区阿勒泰地区,4C,民用运输机场,中国民用航空新疆管理局,12375 m² （截至2022年1月）,10 个 （截至2022年1月）,2800 m （截至2022年1月）,15 条 （2021/2022年冬春航季）,13座（2021/2022年冬春航季）,284230 人次 （2020年）,172.8 吨 （2020年）,7520架次（2020年）,新疆机场（集团）有限责任公司,,,,,,,,,,,,,,,,,,,,,,
惠州平潭机场,Huizhou Pingtan Airport,ZGHZ,HUZ,2015年2月5日,中国广东省 惠州市,4C,军民合用机场,中国民用航空中南地区管理局,约 21000 m² [4] （截至2017年5月）,14 个 [1] [9] （截至2017年5月）,2400 m （1条，截至2018年7月）,52 条 （2025年夏秋航季）,41 （2025年夏秋航季）,287.6 万人次 （2024年）,9355 吨 （2024年）,15110架次 （2018年）,广东省机场管理集团公司,,,,,,,,,,,,,,,,,,,,,,
阿克苏红旗坡机场,Aksu Hongqipo Airport,ZWAK,AKU,1972年8月,中国新疆维吾尔自治区阿克苏地区,4C,军民合用机场,中国民用航空新疆管理局,25437 m² （截至2022年1月）,15 个 （截至2022年1月）,2800 m （截至2022年1月）,26 条 （2024年夏秋航季）,27 （2024夏秋航季）,1623187 人次 （2021年）,7050.7 吨 （2021年）,16967架次（2021年）,新疆机场（集团）有限责任公司 阿克苏（图木舒克、阿拉尔）机场,,,,,,,,,,,,,,,,,,,,,,
安顺黄果树机场,Anshun Huangguoshu Airport,ZUAS,AVA,2004年9月28日,中国贵州省安顺市,4C级,民用运输机场,中国民用航空西南地区管理局,1800平方米（截至2020年3月）,2个（截至2020年3月）,2800米（截至2020年3月）,2 条 （2022年夏秋航季）,2座（2022年夏秋航季）,69293 人次 （2021年）,2.3 吨 （2021年）,967架次（2021年）,安顺黄果树机场管理有限公司,,,,,,,,,,,,,,,,,,,,,,
鞍山腾鳌机场,Anshan Teng&#x27;ao Airport,ZYAS,AOG,2010年4月1日,中国辽宁省鞍山市,4C级,军民合用机场,中国民用航空东北地区管理局,2667.13平方米（截至2020年4月）,3个（截至2020年4月）,2600米（截至2020年6月）,5 条 （2022年夏秋航季）,5座（2022年夏秋航季）,176907 人次 （2021年）,,2192架次（2021年）,辽宁省机场管理集团有限公司 鞍山机场管理有限公司,,,,,,,,,,,,,,,,,,,,,,
安庆天柱山机场,Anqing Tianzhushan Airport,ZSAQ,AQG,1993年12月22日,中国安徽省安庆市,4C级,军民合用机场,中国民用航空华东地区管理局,13928 m² （截至2022年7月）,6 个 （截至2022年7月）,2800米（截至2020年1月）,9 条 （2022年夏秋航季）,13座（2024年夏秋航季）,596482 人次 （2021年）,2899.4 吨 （2021年）,7226架次（2021年）,海南机场设施股份有限公司 安庆天柱山机场有限责任公司,,,,,,,,,,,,,,,,,,,,,,
安阳红旗渠机场,Anyang Hongqiqu Airport,ZHQQ,HQQ,2023年11月29日,中国河南省安阳市,4C,民用支线机场 [31],中国民用航空中南地区管理局,6122.9 m² （截至2023年11月）,7 个 （截至2023年11月）,2600 m （截至2023年11月）,3 条 （2023/2024年冬春航季）,4座 （2023/2024年冬春航季）,,,,安阳红旗渠机场运营有限公司 河南省机场集团有限公司,,13.66亿元 [31],,,,,,,,,,,,,,,,,,,,
包头东河国际机场,Baotou Donghe International  Airport,ZBOW,BAV,1934年,中国内蒙古自治区包头市,4C,民用运输机场,中国民用航空华北地区管理局,42000 m² （截至2023年12月）,13 个 （截至2023年12月）,2800 m （截至2023年12月）,23 条 （2024/2025年冬春航季）,31座（2024/2025年冬春航季）,1983799 人次 （2023年）,3531.3 吨 （2023年）,20684架次（2023年）,内蒙古民航机场集团有限责任公司包头分公司,,,,,,,,,,,,,,,,,,,,,,
毕节飞雄机场,Bijie Feixiong Airport,ZUBJ,BFJ,2013年6月16日,中国贵州省毕节市,4C,民用运输机场,中国民用航空西南地区管理局,7100 m²,8 个,2600 m,,13个 （截至2023年3月）,20.34 万人次 （2022年）,135.08 吨 （2022年）,2976架次 （2022年）,毕节飞雄机场有限责任公司,,,,,,,,,,,,,,,,,,,,,,
赣州黄金机场,Ganzhou Huangjin Airport,ZSGZ,KOW,2008年3月26日,中国江西省赣州市,4C级,民用运输机场,中国民用航空华东地区管理局,32524 m² （截至2021年12月）,18 个 （截至2021年12月）,2600 m （截至2021年12月）,18 条 （2024年夏航季）,21座（2024年夏航季）,1808479 人次 （2021年）,4623.4 吨 （2021年）,17635架次（2021年）,首都机场集团公司 江西省机场集团公司赣州机场分公司 赣州航空发展服务有限责任公司,,,,,,,,,,,,,,,,,,,,,,
北海福成机场,Beihai Fucheng Airport,ZGBH,BHY,1987年3月15日,中国广西壮族自治区北海市,4D级,民用运输机场,中国民用航空中南地区管理局,27800 m² （截至2020年12月）,20 个 （截至2020年12月）,3200 m （截至2020年12月）,27 条 （2022/2023年冬春航季）,29座（2022/2022年冬春航季）,1889903 人次 （2021年）,7153.3 吨 （2021年）,16174架次（2021年）,广西机场管理集团有限责任公司 北海机场公司,,,,,,,,,,,,,,,,,,,,,,
昌都邦达机场,Qamdo Bangda Airport,ZUBD,BPX,1995年4月28日,中国西藏自治区昌都市,4C级,军民合用机场,中国民用航空西南地区管理局,5018.32 m² （截至2023年4月）,4 个 （截至2023年4月）,4500 m （截至2023年4月）,7 条 （2023年夏秋航季）,4座（2023年夏秋航季）,265440 人次 （2022年）,854.4 吨 （2022年）,3220架次（2022年）,民航西藏自治区机场集团有限公司 民航西藏自治区机场集团有限公司昌都邦达机场分公司,,,,,,,,,,,,,,,,,,,,,,
保山云瑞机场,Baoshan Yunrui Airport,ZPBS,BSD,1958年4月1日,中国云南省保山市,4C级,民用运输机场,中国民用航空西南地区管理局,27550 m² （截至2021年6月）,14 个 （截至2021年6月）,2400 m （截至2021年6月）,11 条 （2022/2023年冬春航季）,9座（2022/2023年冬春航季）,1016445 人次 （2021年）,1708.9 吨 （2021年）,11663架次（2021年）,云南机场集团有限责任公司,,,,,,,,,,,,,,,,,,,,,,
广州白云国际机场,Guangzhou Baiyun International Airport,ZGGG,CAN,2004年8月5日 [14],中国广东省广州市,4F,民用运输机场,中国民用航空中南地区管理局,1561000 m² （截至2023年11月）,269 个 （截至2020年1月）,3800 m [712] （3600米、3800米、3800米、3400米，3600米，共5条）,约 400 条 [63] （多）,233个 [63] [192],7636.9 万人次 [322] （2024年）,238.19 万吨 （2024年）,51.19万架次 （2024年）,广州白云国际机场股份有限公司,,,,,,,,,,,,,,,,,,,,,,
常德桃花源机场,Changde Taohuayuan Airport,ZGCD,CGD,1965年4月15日,中国湖南省常德市,4D级,民用运输机场,中国民用航空中南地区管理局,20165平方米（截至2020年4月）,13个（截至2020年4月）,2600米（截至2020年4月）,12 条 （2022/2022年冬春航季）,17座（2022/2023年冬春航季）,1008348 人次 （2021年）,458.7 吨 （2021年）,60030架次（2021年）,湖南省机场管理集团有限公司,,,,,,,,,,,,,,,,,,,,,,
郑州新郑国际机场,Zhengzhou Xinzheng International Airport,ZHCC,CGO,1997年8月28日,中国河南省郑州市新郑市、中牟县（处郑州航空港经济综合实验区代管范围内）,4F级,民用机场,中国民用航空局中南地区管理局,620000 m²,158个（截至2015年12月）,3400米、3600米，共2条（截至2018年4月）,182 条 [1] （客运截至2023年10月） 34 条 （货运截至2023年10月）,客运116个、货运40个（截至2018年12月）,2851.09 万人次 [181] （2024年）,82.51 万吨 [181] （2024年）,17.86万架次（2020年）,河南省机场集团有限公司,,,,,,,,,,,,,,,,,,,,,,
长春龙嘉国际机场,Changchun Longjia International Airport,ZYCC,CGQ,2005年8月27日,中国吉林省长春市,4E,民用运输机场,中国民用航空东北地区管理局,204000 m² （截至2021年2月）,61 个 （截至2021年2月）,3200 m （共1条，截至2021年2月）,149 条 （2024年夏航季）,81座 （2024年夏航季）,15483709 人次 （2023年）,92333.4 吨 （2023年）,114212架次 （2023年）,首都机场集团有限公司 吉林省民航机场集团公司,,,,,,,,,,,,,,,,,,,,,,
朝阳机场,Chaoyang Airport,ZYCY,CHG,2008年4月1日,中国辽宁省朝阳市,4C级,中国国内支线机场,中国民用航空东北地区管理局,2309 m²,2 个,2150 m,2 条,2个（截至2020年）,15.7973万（2019年）,19.7吨（2019年）,10.4750万架次（2019年）,辽宁省机场管理集团有限公司,,,,,,,,,,,,,,,,,,,,,,
嘉峪关酒泉机场,Jiayuguan Airport,ZLJQ,JGN,1953年7月1日,中国甘肃省嘉峪关市,4D,民用运输机场,中国民用航空西北地区管理局,8300平方米（截至2020年2月）,9个（截至2020年2月）,3000米（截至2020年2月）,9 条 （2023年夏秋航季）,9座（2023年夏秋航季）,384831 人次 （2022年）,658.4 吨 （2022年）,4714架次（2022年）,甘肃省民航机场集团有限公司 甘肃省民航机场集团公司嘉峪关机场公司,,,,,,,,,,,,,,,,,,,,,,
赤峰玉龙机场,Chifeng Yulong Airport,ZBCF,CIF,2008年3月20日,中国内蒙古自治区赤峰市,4C级,军民合用机场,中国民用航空局华北地区管理局,31534.89 m² （截至2022年8月）,17 个 （截至2022年8月）,2800 m （截至2022年8月）,29 条 [31] （2022年夏秋航季）,31座 [41],2049500 人次 [36] （2024年）,1855.5 吨 [36] （2024年）,2.29万架次 [36] （2024年）,首都机场集团有限公司 内蒙古自治区民航机场集团有限公司 内蒙古赤峰民航机场集团有限公司,,,,,,,,,,,,,,,,,,,,,,
长治王村机场,Changzhi Wangcun Airport,ZBCZ,CIH,2003年9月8日,中国山西省长治市,4C级,军民合用机场,中国民用航空华北地区管理局,22100 m² （截至2021年10月）,9 个 （截至2021年10月）,2440 m （截至2021年10月）,8 条 （2023年夏秋航季）,11座（2023年夏秋航季）,496629 人次 （2023年）,213 吨 （2023年）,6422架次 （2023年）,山西航空产业集团有限公司 长治机场有限责任公司,,,,,,,,,,,,,,,,,,,,,,
重庆江北国际机场,Chongqing Jiangbei International Airport,ZUCK,CKG,1990年1月22日,中国 重庆市 两江新区 [353],4F,民用运输机场,中国民用航空西南地区管理局,737000 m² [1] （截至2017年8月）,209 个 （截至2017年8月）,,国内247条（客244条、货3条，截至2018年12月） [12] 国际及地区82条（客68条、货14条，截至2018年12月） [12],184个 （截至2018年10月）,4465.72 万人次 [205] （2023年）,50 万吨 [360] （2025年）,314697 [205] （2023年）,重庆机场集团有限公司,,,3200、3600、3800、3400米（共4条，截至2024年12月） [266],江北机场T2航站楼站 ： 重庆轨道交通3号线 、 重庆轨道交通10号线 ； 江北机场T3航站楼站 ： 重庆轨道交通10号线 、 重庆轨道交通15号线 （在建线路中）,重庆东环铁路 江北机场站,重庆江北国际机场单轨捷运系统 ：T3A-T3B,,,,,,,,,,,,,,,,
长海大长山岛机场,Changhai Dachangshandao Airport,ZYCH,CNI,2008年2月2日,中国辽宁省大连市长海县,1B,民用运输机场,中国民用航空东北地区管理局,844 m² （截至2020年8月）,2 个 （截至2020年8月）,800 m （截至2020年8月）,1 条 （截至2021年2月）,1座（截止2021年2月）,3260人次（2019年）,,436架次（2019年）,大连国际机场集团有限公司 大连长海机场有限公司,,,,,,,,,,,,,,,,,,,,,,
长沙黄花国际机场,Changsha Huanghua International Airport,ZGHA,CSX,1989年8月29日,中国湖南省长沙市,4E [189],民用运输机场,中国民用航空中南地区管理局,266000 m² （截至2021年2月）,87 个 （截至2021年7月）,3200米、3800米，共2条（截至2020年5月）,194 条 （2021年夏秋航季）,128个（2024年冬春航季）,3000 万人次 [214] （2024年）,20.91 万吨 （2021年）,16.30万架次,湖南省机场管理集团有限公司 湖南机场股份有限公司长沙黄花国际机场分公司,,,,,,,湖南航空（A6）、快线航空（HN）,,,,,,,,,,,,,,,
成都双流国际机场,Chengdu Shuangliu International Airport,ZUUU,CTU,1938年,四川省成都市双流区,4F,民用运输机场,中国民用航空西南地区管理局,500000 m² （截至2016年）,228 个 （截至2020年1月）,3600 m （共2条，截至2016年）,374 条 [7] （截至2021年12月）,,4011.7 万人次 [56] （2021年）,62.8 万吨 [56] （2021年）,30.09万架次 [56] （2021年）,四川省机场集团有限公司,,,,,,,,四川省成都市双流区机场路,,,,,,,,,,,,,,
常州奔牛国际机场,Changzhou Benniu International Airport,ZSCG,CZX,1986年3月15日,中国江苏省常州市、镇江市,4E,军民合用机场,中国民用航空华东地区管理局,38057 m² （截至2025年9月）,20 个 （截至2025年9月）,3400 m （截至2025年9月）,,45座（2025年夏秋航季）,4562418 人次 （2024年）,20762.4 吨 （2024年）,46379架次（2024年）,东部机场集团有限公司 常州奔牛国际机场有限责任公司,,,,,,,,,,,,,,,,,,,,,,
大同云冈国际机场,Datong Yungang  International Airport,ZBDT,DAT,2005年12月25日,中国山西省大同市,4C级,民用运输机场,中国民用航空华北地区管理局,17182 m² （截至2024年3月）,9 个 （截至2024年3月）,3000 m （截至2024年3月）,14 条 （2023/2024年冬春航季）,25座 [35],359619 人次 （2022年）,620.3 吨 （2022年）,13474架次（2021年）,山西航空产业集团有限公司 大同机场有限责任公司,,,,,,,,,,,,,,,,,,,,,,
达州金垭机场,Dazhou Jinya Airport,ZUDA,DZH,2022年5月19日,中国四川省达州市,4C级,民用运输机场,中国民用航空西南地区管理局,31600 m² （截至2022年5月）,16 个 （截至2022年5月）,2600 m （截至2023年5月）,37 条 [24] （截至2024年5月18日）,37 （截至2024年5月18日）,100.03 万人次 [35] [47] （2024年）,1521 吨 [35] [49] （2024年）,16365架次 [35] [49] （2024年）,四川省机场集团有限公司,,,,,,,,,,,,,,,,,,,,,,
丹东浪头机场,Dandong Langtou Airport,ZYDD,DDG,1985年12月21日,中国辽宁省丹东市,4C级,军民合用机场,中国民用航空东北地区管理局,20780平方米（截至2020年4月）,6个（截至2020年4月）,2600米（截至2020年4月）,7 条 （截至2021年1月）,8座（截至2021年1月）,25.9048万人次（2019年）,652.1吨（2019年）,2053架次（2019年）,辽宁省机场管理集团有限公司,,,,,,,,,,,,,,,,,,,,,,
锦州锦州湾机场,Jinzhou Jinzhouwan Airport,ZYJZ,JNZ,2015年12月10日,中国辽宁省锦州市,4C级,民用运输机场,中国民用航空东北地区管理局,1万平方米（截至2020年3月）,6个（截至2020年3月）,2500米（截至2020年3月）,8条（截至2020年5月）,11个（截至2020年5月）,38.5467万人次（2019年）,801.0吨（2019年）,3248架次（2019年）,辽宁省机场管理集团有限公司 锦州湾机场管理有限责任公司,,,,,,,,,,,,,,,,,,,,,,
大连周水子国际机场,Dalian Zhoushuizi International Airport,ZYTL,DLC,1972年10月6日,中国辽宁省大连市甘井子区,4E,民用运输机场,中国民用航空东北地区管理局,152000 m² （截至2025年10月）,80 个 （截至2025年10月）,3300 m （截至2025年10月）,,98座（2025/26年冬春航季）,19288910 人次 （2024年）,160749.3 吨 （2024年）,144447架次（2024年）,大连国际机场集团有限公司,,,,,,,,,,,,,,,,,,,,,,
大理凤仪机场,Dali Fengyi Airport,ZPDL,DLU,1995年11月28日,中国云南省大理白族自治州,4C,民用运输机场,中国民用航空西南地区管理局,21819.81 m² （截至2022年10月）,17 个 （截至2022年10月）,2600 m （截至2022年10月）,26 条 （2022/2023年冬春航季）,16座（2022/2023年冬春航季）,1420494 人次 （2021年）,6651.0 吨 （2021年）,15999架次（2021年）,云南机场集团有限责任公司大理机场公司,,,,,,,,,,,,,,,,,,,,,,
敦煌莫高国际机场,Dunhuang Mogao International Airport,ZLDH,DNH,1982年7月,中国甘肃省酒泉市敦煌市,4D,民用运输机场,中国民用航空西北地区管理局,17774 m² （截至2021年2月）,20 个 （截至2021年2月）,3400 m （截至2021年2月）,29 条 （2023年夏秋航季）,22座（2023年夏秋航季）,90.20 万人次 （2019年）,606.8 万吨 （2019年）,8201架次 （2019年）,甘肃省民航机场集团有限公司敦煌莫高国际机场公司,,,,,,,,,,,,,,,,,,,,,,
鄂尔多斯伊金霍洛国际机场,Ordos Ejin Horo International Airport,ZBDS,DSN,2007年7月26日,中国内蒙古自治区鄂尔多斯市,4E,民用运输机场,中国民用航空华北地区管理局,105300 m² （截至2021年5月）,19 个 （截至2021年5月）,3200 m （截至2021年5月）,38 条 （2022年夏秋航季）,41座 （2022年夏秋航季）,1502958 人次 （2021年）,7283.5 吨 （2021年）,29828架次 （2021年）,鄂尔多斯机场管理集团有限公司 鄂尔多斯伊金霍洛国际机场有限公司,,,,,,,,,,,,,,,,,,,,,,
张家界荷花国际机场,Zhangjiajie Hehua International Airport,ZGDY,DYG,1994年8月18日,中国湖南省张家界市,4D级,民用运输机场,中国民用航空中南地区管理局,46529 m² [33] （截至2024年7月）,19 个 [33] （截至2024年7月）,2600 m [33] （截至2024年7月）,,28个（截至2019年10月）,127.84 万人次 （2020年）,0.11 万吨 （2020年）,1.35万架次 （2020年）,湖南省机场管理集团有限公司张家界荷花国际机场分公司,,,,,,,,,,,,,,,,,,,,,,
恩施许家坪国际机场,Enshi Xujiaping International Airport,ZHES,ENH,1993年11月28日,中国湖北省恩施土家族苗族自治州,4C,民用运输机场,中国民用航空中南地区管理局,15319平方米（截至2020年3月）,6个（截至2020年3月）,2600米（截至2020年3月）,18 条 （2025年夏秋航季）,25座（2025年夏秋航季）,1787408 人次 （2024年）,1994.1 吨 （2024年）,15752架次（2024年）,湖北机场集团公司 恩施分公司,,,,,,,,,,,,,,,,,,,,,,
延安南泥湾机场,Yanan Nanniwan Airport,ZLYA,ENY,2018年11月8日,中国 陕西省 延安市,4C级,军民合用运输机场,中国民用航空西北地区管理局,1.3万平方米（截至2019年4月）,7个（截至2019年4月）,3000米，共1条（截至2019年4月）,约20条（截至2019年4月）,16个（截至2019年4月）,38.65万人次（2018年）,0.05万吨（2018年）,0.37万架次（2018年）,西部机场集团延安机场有限公司,,,,,,,,,,,,,,,,,,,,,,
福州长乐国际机场,Fuzhou Changle International Airport,ZSFZ,FOC,1997年6月23日,中国福建省福州市,4E,民用运输机场,中国民用航空华东地区管理局,216000 m² [11] （截至2018年11月）,76 个 （截至2017年4月）,3600 m,129 条 （2024年冬春航季）,89个 （截至2018年12月）,1611.8 万人次 （2025年）,约 10.12 万吨 （2024年）,约10.8万架次 （2024年）,元翔（福州）国际航空港有限公司,,,,,,,,,,,,,,,,,,,,,,
阜阳机场,Fuyang Airport,ZSFY,FUG,1998年12月26日,中国安徽省阜阳市,4C级,民用运输机场,中国民用航空华东地区管理局,30283 m² （截至2023年6月）,11 个 （截至2023年6月）,2800 m （截至2023年6月）,25 条 （2024年夏秋航季）,18个（2025夏航季） [40],968832 人次 （2023年）,1842.8 吨 （2023年）,12088架次（2023年）,阜阳民用航空中心,,,,,,,,,,,,,,,,,,,,,,
佛山沙堤机场,Foshan Shadi Airport,ZGFS,FUO,2009年11月18日,中国广东省佛山市,4C级,军民合用机场,中国民用航空中南地区管理局,8060 m² [30],10个（截至2020年4月）,2800米（截至2020年4月）,16 条 （2024年夏秋航季）,16座（2024年夏秋航季）,1329381 人次 （2024年）,,9420 （2024年）,佛山沙堤机场管理有限公司 中国联合航空公司,,,,,,,,,,,,,,,,,,,,,,
富蕴可可托海机场,Fuyun Koktokay Airport,ZWFY,FYN,2015年8月1日,中国新疆维吾尔自治区 阿勒泰地区,4C,军民合用机场,中国民用航空新疆管理局,5504 m² （截至2015年8月）,4 个 （截至2015年8月）,2600 m （截至2015年8月）,4 条 （2020年夏秋航季）,6个 （2024年夏航季）,65107 人次 （2019年）,16 吨 （2019年）,39086架次（2019年）,新疆机场集团公司,,,,,,,,,,,,,,,,,,,,,,
格尔木机场,Geermu Airport,ZLGM,GOQ,1974年11月,中国青海省海西州格尔木市,4D级,军民合用机场,中国民用航空西北地区管理局,10203平方米（截至2020年3月）,12个（截至2020年3月）,4800米（截至2020年3月）,3条（截至2020年3月）,5个（截至2020年3月）,22.7098万人次（2019年）,1739.0吨（2019年）,3235架次（2019年）,西部机场集团青海机场有限公司 格尔木机场分公司,,,,,,,,,,,,,,,,,,,,,,
甘南夏河机场,Gannan Xiahe Airport,ZLXH,GXH,2013年8月19日,中国甘肃省甘南藏族自治州,4C级,民用运输机场,中国民用航空西北地区管理局,3185平方米（截至2020年4月）,3个（截至2020年4月）,3200米（截至2020年4月）,2条（截至2020年5月）,4个（截至2020年5月）,59462 人次 [21] （2024年）,14.8 吨 [21] （2024年）,588架次 [21] （2024年）,西部机场集团有限公司 甘肃机场管理有限公司甘南夏河机场分公司,,,,,,,,,,,,,,,,,,,,,,
海口美兰国际机场,Haikou Meilan International Airport,ZJHK [80],HAK [80],1999年5月25日,中国海南省海口市美兰区灵山镇,4E [171],民用运输机场,中国民用航空中南地区管理局,约 450000 m² （截至2021年12月）,139 个 （截至2021年12月）,3600 m （截至2021年12月）,235 条 （截至2021年12月2日）,134个 [64] （截至2023年前三季度）,1807.7 万人次 [64] （截至2021年12月2日）,23.03 万吨 [64] （截至2021年12月2日）,12.65万架次 （截至2021年12月2日）,海口美兰国际机场有限责任公司,,,,,,,,,,,,,,,,,,,,,,
黑河瑷珲机场,Heihe Aihui Airport,ZYHE,HEK,2001年9月30日,中国黑龙江省黑河市,4C级,民用运输机场,中国民用航空东北地区管理局,5800 m² （截至2020年8月）,4 个 （截至2020年8月）,2500 m （截至2020年8月）,4 条 （截至2021年1月）,6座（截至2021年1月）,21.5947万人次（2019年）,35.8吨（2019年）,2730架次（2019年）,黑龙江省机场管理集团有限公司 黑河机场分公司,,,,,,,,,,,,,,,,,,,,,,
呼和浩特白塔国际机场,Hohhot Baita International Airport,ZBHH,HET,1958年10月1日,中国内蒙古自治区呼和浩特市,4E级,民用运输机场,中国民用航空华北地区管理局,105400 m² （截至2025年9月）,64 个 （截至2025年9月）,3600 m （截至2025年9月）,139 条 （2025年夏秋航季）,92座（2025年夏秋航季）,13166230 人次 （2024年）,59180.6 吨 （2024年）,117907架次（2024年）,内蒙古自治区民航机场集团有限责任公司呼和浩特分公司,,,,,,,,,,,,,,,,,,,,,,
合肥新桥国际机场,Hefei Xinqiao International Airport,ZSOF,HFE,2013年5月30日,中国安徽省合肥市,4E,民用运输机场,中国民用航空华东地区管理局,108500 m² [32],53 个 [2] （截至2022年）,3400 m （截至2024年）,120 条 [90] （截至2023年底）,,1248.14 万人次 [84] （2024年）,12.01 万吨 [84] （2024年）,9.67万架次 （2023年）,安徽民航机场集团有限公司,,,,,,,,,,,,,,,,,,,,,,
杭州萧山国际机场,Hangzhou Xiaoshan International Airport,ZSHC,HGH,2000年12月28日,中国浙江省杭州市,4F,民用运输机场,中国民用航空华东地区管理局,889000 m² （截至2025年12月）,211 个 （截至2025年12月）,3400 至 3600 m （截至2025年12月）,,,50000000 人次 （2025年）,734859 吨 （2024年）,320269架次（2024年）,浙江省机场集团有限公司 杭州萧山国际机场有限公司,,,,,,,,,,,,,,,,,,,,,,
呼伦贝尔海拉尔国际机场,Hulunbeier Hailar International Airport,ZBLA,HLD,1932年,中国内蒙古自治区呼伦贝尔市,4D级,民用运输机场,中国民用航空华北地区管理局,28127 m² （截至2025年11月）,20 个 （截至2025年11月）,2800 m （截至2025年11月）,34 条 （2025/2026年冬春航季）,30座（2025/2026年冬春航季）,3227793 人次 （2024年）,6208.9 吨 （2024年）,27027架次（2024年）,内蒙古自治区民航机场集团有限责任公司 呼伦贝尔分公司,,,,,,,,,,,,,,,,,,,,,,
乌兰浩特义勒力特机场,Ulanhot Yileleeteuk Airport,ZBUL,HLH,1995年4月5日,中国内蒙古自治区兴安盟,4C级,民用运输机场,中国民用航空华北地区管理局,1.8万平方米（截至2018年4月）,10个（截至2018年4月）,2600米（截至2018年4月）,13 条 （2022/2023年冬春航季）,16座（2022/2023年冬春航季）,84.5020万人次（2019年）,1756.7吨（2019年）,3.8129万架次（2019年）,内蒙古自治区民航机场管理集团有限责任公司乌兰浩特分公司,,,,,,,,,,,,,,,,,,,,,,
哈密伊州机场,Hami Yizhou Airport,ZWHM,HMI,2008年12月16日,中国新疆维吾尔自治区哈密市,4D [26],军民合用机场,中国民用航空新疆管理局,4875.5 m² （截至2022年1月）,6 个 （截至2022年1月）,2800 m （截至2022年1月）,5 条 （2022年夏秋航季）,6座（2022年夏秋航季）,173179 人次 （2021年）,287.5 吨 （2021年）,2690架次（2021年）,新疆机场（集团）有限责任公司,,,,,,,,,,,,,,,,,,,,,,
衡阳南岳机场,Hengyang Nanyue Airport,ZGHY,HNY,2014年12月23日,中国 衡阳市,4C级,民用运输机场,中国民用航空中南地区管理局,1.43万平方米（截至2014年12月）,11 个 [21] （截至2020年）,2600米，共1条（截至2014年12月）,21条（截至2019年10月）,29个（截至2019年1.月）,110.29万人次（2019年）,0.13万吨（2019年）,1.11万架次（2019年）,湖南省机场管理集团有限公司 衡阳南岳机场有限责任公司,,,,,,,,,衡阳市公安局 南岳机场分局,,,,,,,,,,,,,
哈尔滨太平国际机场,Harbin Taiping International Airport,ZYHB,HRB,1979年12月27日,中国黑龙江省哈尔滨市,4E级,民用运输机场,中国民用航空东北地区管理局,226500 m² （截至2024年7月）,90 个 （截至2024年7月）,3200 至 3600 m [129] （共两条）,282 条 （截至2024年12月31日）,127座 [122] （截至2024年12月31日）,2379.8 万人次 [122] （2024年）,1312222.2 吨 （2023年）,15.96万次 （2024年）,首都机场集团有限公司 黑龙江省机场管理集团有限公司,,,,,,,,,,3800万人次 [153],30万吨 [153],,,,,,,,,,,
韶关丹霞机场,Shaoguan Danxia Airport,ZGSG,HSC,2021年11月27日,中国 广东省 韶关市,4C,军民合用机场,中国民用航空中南地区管理局,13300 m² （截至2021年11月）,8 个 （截至2021年11月）,2800 m （截至2021年11月）,4 条 （2025-2026年冬春航季）,6座 （2025-2026年冬春航季）,216822 人次 （2024年）,6.7 吨 （2024年）,2878架次 （2024年）,广东省机场管理集团韶关丹霞机场有限公司,,,,,,,,,,,,,,,,,,,,,,
舟山普陀山国际机场,Zhoushan Putuoshan International Airport,ZSZS,HSN,1997年8月8日,中国浙江省舟山市,4D,民用运输机场,中国民用航空华东地区管理局,28816 m² （截至2024年5月）,20 个 （截至2024年5月）,2500 m （截至2024年5月）,23 条 （2024年夏秋航季）,28（2024年夏秋航季）,2399221 人次 （2023年）,2271.6 吨 （2023年）,31186架次（2023年）,浙江省机场集团有限公司 舟山民航集团有限公司,,,,,,,,,,,,,,,,,,,,,,
和田昆冈机场,Hetian Kungang Airport,ZWTN,HTN,1956年7月,中国新疆维吾尔自治区和田地区,4D级,军民合用机场,中国民用航空新疆管理局,17493.4 m² （截至2021年2月）,7 个 （截至2021年2月）,3800 m [23] （截至2024年南跑道长度，北跑道长度为3200米）,25 条 （2022/2023年冬春航季）,20座（2022/2023年冬春航季）,1290889 人次 （2021年）,6327.1 吨 （2021年）,13527架次（2021年）,新疆机场（集团）有限责任公司和田（于田）机场,,,,,,,,,,,,,,,,,,,,,,
台州路桥机场,Taizhou Luqiao Airport,ZSLQ,HYN,1987年12月2日,中国浙江省台州市,4C级,军民合用机场,中国民用航空华东地区管理局,35000 m² （截至2024年12月）,16 个 （截至2024年12月）,2500 m （截至2024年12月）,24 条 （2024年冬春航季）,25座（2024年冬春航季）,2017274 人次 （2023年）,10566.6 吨 （2023年）,16858架次（2023年）,浙江省机场集团有限公司 浙江省台州机场管理有限公司,,,,,,,,,,,,,,,,,,,,,,
汉中城固机场,Hanzhong Chenggu Airport,ZLHZ,HZG,2014年8月13日,中国陕西省汉中市,4C,军民合用机场,中国民用航空西北地区管理局,5500 m² （截至2020年8月）,5 个 （截至2020年8月）,2500 m （截至2020年8月）,13 条 （2021年夏秋航季）,15座（2021年夏秋航季）,409731 人次 （2021年）,1056.3 吨 （2021年）,13528架次（2021年）,西部机场集团汉中机场有限公司,,,,,,,,,,,,,,,,,,,,,,
银川河东国际机场,Yinchuan Hedong International Airport,ZLIC,INC,1997年9月6日,中国·宁夏回族自治区银川市,4E,民用运输机场,中国民用航空局西北地区管理局,12.9万平方米（不含T1，截至2018年2月）,47 个 （截至2017年12月）,3600 m （截至2017年12月）,89 条 （国内线，截至2017年12月） 12 条 （国际线，截至2017年12月）,74个 （截至2017年12月）,1000 万人次 （2019年）,4.22 万吨 （2017年）,6.71万架次 （2017年）,西部机场集团宁夏机场有限公司,,,,,,,,银川市灵武市临河镇,,,,,,,,,,,,,,
且末玉都机场,Qiemo Yudu Airport,ZWCM,IQM,2016年12月19日,中国新疆维吾尔自治区巴音郭楞蒙古自治州且末县,4C级,军民合用机场,中国民用航空新疆管理局,4497.84平方米（截至2018年11月）,3个（截至2018年11月）,2800米（截至2016年12月）,5条（截至2020年5月）,4个（截至2020年5月）,13.5663万人次（2019年）,8.9吨（2019年）,2185架次（2019年）,新疆机场（集团）有限责任公司 库尔勒机场,,,,,,,,,,,,,,,,,,,,,,
庆阳西峰机场,Qingyang Xifeng Airport,ZLQY,IQN,1977年11月30日,中国甘肃省庆阳市,4C级,民用运输机场,中国民用航空西北地区管理局,7150 m² （截至2023年9月）,6 个 （截至2023年9月）,2800 m （截至2023年9月）,8 条 （2023年夏秋航季）,11座（2023年夏秋航季）,294222 人次 （2022年）,108 吨 （2022年）,28627架次（2022年）,甘肃省民航机场集团有限公司庆阳机场分公司,,,,,,,,,,,,,,,,,,,,,,
景德镇罗家机场,Jingdezhen Luojia Airport,ZSJD,JDZ,1960年9月,中国江西省景德镇市,4C级,民用运输机场,中国民用航空华东地区管理局,6200平方米（截至2020年4月）,4个（截至2020年4月）,2400米（截至2020年4月）,8 条 （2022/2023年冬春航季）,12座（2022/2023年冬春航季）,475148 人次 （2021年）,396.7 吨 （2021年）,6039架次（2021年）,首都机场集团有限公司 江西省机场集团公司 景德镇机场分公司,,,,,,,,,,,,,,,,,,,,,,
十堰武当山机场,Shiyan Wudangshan Airport,ZHSY,WDS,2016年2月5日,中国湖北省十堰市,4C级,民用运输机场,中国民用航空中南地区管理局,1.64万平方米（截至2019年4月）,7个（截至2019年4月）,2600米，共1条（截至2019年4月）,固定航线17条（截至2019年4月）,29个（截至2019年4月）,109.1 万人次 [27] （2023年）,0.05万吨（2018年）,1.25万架次（2018年）,十堰武当山机场管理有限公司,,,,,,,,,,,,,,,,,,,,,,
西双版纳嘎洒国际机场,Xishuangbanna Gasa International Airport,ZPJH,JHG,1990年4月7日,中国云南省西双版纳自治州景洪市,4D级,民用运输机场,中国民用航空西南地区管理局,3.3万平方米（截至2019年4月）,18个（据2019年4月信息显示）,2400米，共1条（据2019年4月信息显示）,83 条 （2024年冬春航季）,68个 （2024年冬春航季）,716 万人次 （2024年）,2.26 万吨 （2024年）,5.22万架次 （2024年）,云南机场集团有限责任公司西双版纳机场,,,,,,,,,,,,,,,,,,,,,,
临汾尧都机场,Linfen Yaodu Airport,ZBLF,LFQ,2016年1月25日,中国山西省临汾市,4C级,民用运输机场,中国民用航空华北地区管理局,2.6万平方米（截至2020年3月）,9个（截至2020年3月）,2600米（截至2020年3月）,17 条 （2022/2023年冬春航季）,26座（2022/2023年冬春航季）,783950 人次 （2021年）,232.6 吨 （2021年）,9084架次（2021年）,山西航空产业集团有限公司 临汾民航机场有限公司,,,,,,,,,,,,,,,,,,,,,,
九江庐山机场,Jiujiang Lushan Airport,ZSJJ,JIU,1996年6月18日,中国江西省九江市,4C级,军民合用机场,中国民用航空华东地区管理局,11815平方米（截至2020年5月）,3个（截至2020年5月）,2800米（截至2020年5月）,4 条 （2022/2023年冬春航季）,6座（2024年夏秋航季）,15880 人次 （2021年）,,222架次（2021年）,江西省机场集团有限公司九江机场分公司,,,,,,,,,,,,,,,,,,,,,,
泉州晋江国际机场,Quanzhou Jinjiang International Airport,ZSQZ,JJN,1996年12月12日 [3],中国福建省泉州市,4D,军民合用机场,中国民用航空华东地区管理局,58293 m²,29 个 （截至2020年3月）,2600 m （1条，截至2018年3月）,94 条 （截至2018年8月）,45个 （截至2018年8月）,744.3 万人次 （2018年）,6.4 万吨 （2018年）,5.8万架 （2018年）,泉州晋江国际机场股份有限公司,,,,,,,,,,,,,,,,,,,,,,
佳木斯松江国际机场,Jiamusi Songjiang International Airport,ZYJM,JMU,1959年5月4日,中国黑龙江省佳木斯市,4C,军民合用机场,中国民用航空东北地区管理局,5728 m² （截至2026年1月）,6 个 （截至2026年1月）,2500 m （截至2026年1月）,10 条 （2025/2026年冬春航季）,10座（2025/2026年冬春航季）,87.58 万人次 （2025年）,1464.8 吨 （2025年）,8442架次（2024年）,首都机场集团有限公司 黑龙江省机场管理集团有限公司佳木斯分公司,,,,,,,,,,,,,,,,,,,,,,
济宁大安机场,Jining Da&#x27;an Airport,ZSJG,JNG,2023年12月28日,中国山东省 济宁市,4C,民用运输机场,中国民用航空华东地区管理局,29687 m² （截至2023年12月）,17 个 （截至2023年12月）,2800 m （截至2023年12月）,28 条,28,,,,山东省机场管理集团有限公司,,,,,,,,,,,,,,,,,,,,,,
琼海博鳌国际机场,Qionghai Boao International Airport,ZJQH,BAR,2017年1月6日,中国海南省琼海市,4C （博鳌亚洲论坛期间为4E）,民用运输机场,中国民用航空中南地区管理局,18467 m² （截至2023年9月）,52 个 （截至2023年9月）,3200 m （截至2023年9月）,13 条 （2024年夏秋航季）,15座（2024年夏秋航季）,951277 人次 （2023年）,2518.2 吨 （2023年）,25198架次（2023年）,海南机场集团有限公司 海南博鳌机场有限责任公司,,,,,,,,,,,,,,,,,,,,,,
衢州机场,Quzhou Airport,ZSJU,JUZ,1993年11月26日,中国浙江省衢州市,4C级,军民合用机场,中国民用航空华东地区管理局,3400 m² （截至2023年6月）,4 个 （截至2023年6月）,2600 m （截至2023年6月）,25 条 （2022年夏秋航季）,24座（2022年夏秋航季）,883433 人次 （2023年）,1142.4 吨 （2023年）,10790架次（2023年）,浙江省机场集团有限公司 浙江省衢州机场管理有限公司,,,,,,,,,,,,,,,,,,,,,,
库车龟兹机场,Kuqa Qiuci Airport,ZWKC,KCA,2011年9月7日,新疆维吾尔自治区阿克苏地区库车市,4C,民用运输机场,中国民用航空新疆管理局,5120 m² （截至2011年7月）,5 个 （截至2011年7月）,2600 m （截至2011年7月）,3 条 （2020夏秋航季）,3个（2020夏秋航季）,42.46 万人次 （2019年）,491.7 吨 （2019年）,5793架次（2019年）,新疆机场集团公司,,,,,,,,,,,,,,,,,,,,,,
喀什徕宁国际机场,Kashi Laining International Airport,ZWSH,KHG,1953年10月,中国新疆维吾尔自治区喀什地区,4E级,军民合用机场,中国民用航空新疆管理局,57000 m² （截至2024年1月）,27 个 （截至2024年1月）,3200 m （截至2024年1月）,35 条 （2023年夏秋航季）,30座（2023年夏秋航季）,3354371 人次 （2023年）,16071.1 吨 （2023年）,25671 架次（2023年）,新疆机场（集团）有限责任公司喀什管理分公司,,,,,,,,,,,,,,,,,,,,,,
南昌昌北国际机场,Nanchang Changbei International Airport,ZSCN,KHN,1999年9月10日,中国江西省南昌市新建区 [63],4E级,民用运输机场,中国民用航空华东地区管理局,160900 km² （T1+T2，截至2025年1月）,62 个 （截至2025年1月）,3400 m （截至2025年1月）,78 条 （截至2024年10月）,67个（截至2024年10月） [76],1126.79 万人次 [86] （2024年）,6.63 万吨 [86] （2024年）,8.85万架次 [86] （2024年）,江西省机场集团公司,,,,,,,,,,,,,,,,,,,,,,
昆明长水国际机场,Kunming Changshui International Airport,ZPPP,KMG,2012年6月28日,中国云南省昆明市官渡区长水街道,4F,民用运输机场,中国民用航空局西南地区管理局,548300 m²,110 个,4000 至 4500 m （共2条）,276 条 （截至2015年11月）,,42033527 人次 [137] （2023年）,41.57 万吨 （2019年）,357080架次 （2019年）,云南机场集团有限责任公司,,,,,,,,,,,,,,,,,,,,,,
吉安井冈山机场,Ji&#x27;an Jinggangshan Airport,ZSGS,JGS,2004年5月18日,中国江西省吉安市,4C,军民合用机场,中国民用航空华东地区管理局,13640 m² （截至2022年1月）,9 个 （截至2022年1月）,2600 m （截至2022年1月）,16 条 （2022年夏秋航季）,26座（2022年夏秋航季）,71.33 万人次 （2021年）,559.9 吨 （2021年）,9704架次（2021年）,首都机场集团有限公司 江西省机场集团公司吉安机场分公司,,,,,,,,,,,,,,,,,,,,,,
赣州瑞金机场,Ganzhou Ruijin Airport,ZSRJ,JRJ,2025年9月28日,中国江西省赣州市,4C,民用运输机场,中国民用航空华东地区管理局,7637 m² [24] （截至2025年9月）,8 个 （截至2025年9月）,2600 m （截至2025年9月）,3 条 （2025年夏秋航季）,3座（2025年秋冬航季） [28],,,,江西省机场集团有限公司瑞金机场分公司,,,,,,,,,,,,,,,,,,,,,,
库尔勒梨城机场,Korla Licheng Airport,ZWKL,KRL,2007年12月20日,中国新疆维吾尔自治区巴音郭楞蒙古自治州库尔勒市,4D级,军民合用机场,中国民用航空新疆管理局,25925平方米（截至2020年2月）,13个（截至2020年2月）,2800米（截至2020年2月）,42条（截至2019年10月）,36个（截至2019年10月）,220.2333万人次（2019年）,8743.7吨（2019年）,24222架次（2019年）,新疆机场集团公司 库尔勒机场有限责任公司,,,,,,,,,,,,,,,,,,,,,,
克拉玛依古海机场,Kelamayi Guhai Airport,ZWKM,KRY,2006年4月10日,中国新疆维吾尔自治区克拉玛依市,4D,民用运输机场,中国民用航空新疆管理局,15000 m² （截至2024年6月）,10 个 （截至2024年6月）,2600 m （截至2024年6月）,11 条 （2023年夏秋航季）,11座（2023年夏秋航季）,402950 人次 （2021年）,578.5 吨 （2021年）,16841架次（2021年）,新疆机场（集团）有限责任公司,,,,,,,,,,,,,,,,,,,,,,
贵阳龙洞堡国际机场,Guiyang Longdongbao International Airport,ZUGY,KWE,1997年5月28日,中国贵州省贵阳市 南明区 [127],4E [116],民用运输机场,中国民用航空西南地区管理局,382000 m² [94] （截至2021年12月）,122 个 [114] （截至2021年12月）,3500 至 4000 m [93] （共2条，截至2021年12月）,国内228条（2019年） [7] 国际25条（2019年） [7],国内104个，国际13个（2024年） [6],2231.3 万人次 [6] [165] （2024年）,12.01万（2019年）,167063架次（2019年） [8],贵州省机场集团有限公司 贵州贵阳龙洞堡国际机场股份有限公司 [159],,,,,,,,,,,,,,,,,,,,,,
桂林两江国际机场,Guilin Liangjiang International Airport,ZGKL,KWL,1996年10月1日,中国 广西壮族自治区 桂林市,4E,民用运输机场,中国民用航空中南地区管理局,15.06万平方米（2018年1月）,51个（2018年1月）,3200米，共1条（截至2017年11月）,112条（截至2018年1月）,76个（截至2018年1月）,593.21 万人次 [56] （2024年）,3.03万吨（2019年）,6.81万架次（2019年）,广西机场管理集团有限责任公司,,,,,,,,,,,,,,,,,,,,,,
兰州中川国际机场,Lanzhou Zhongchuan International Airport,ZLLL,LHW,1970年7月26日,中华人民共和国甘肃省 兰州市 [50],4E,民用运输机场,中国民用航空西北地区管理局,400000 m² [67] （截至2016年底）,111 个 [67] （截至2016年底）,4000 m （截至2016年底）,212 条 （截至2019年底）,,1500 万人次 （2019年）,6.15 万吨 （2018年）,10.89万架次 （2018年）,甘肃省民航机场集团有限公司 兰州中川国际机场有限公司,,,,,,,,,,,,,,,,,,,,,,
丽江三义国际机场,Lijiang Sanyi International Airport,ZPLJ,LJG,1995年7月13日,中国云南省丽江市、大理白族自治州,4D级,民用运输机场,中国民用航空西南地区管理局,3.83万平方米（截至2019年4月）,19个（截至2019年4月）,3000米，共1条（截至2019年4月）,125 条 （2024年夏航季）,56个（2024年夏航季）,800 万人次 [52] （截至2024年12月26日）,1.26万吨（2019年）,5.42万架次（2019年）,云南机场集团有限责任公司丽江机场,,,,,,,,,,,,,,,,,,,,,,
德宏芒市国际机场,Dehong Mangshi International Airport,ZPMS,LUM,1990年4月10日,中国云南省德宏傣族景颇族自治州,4C,民用运输机场,中国民用航空西南地区管理局,17838.9 m²,25 个,2600 m,20 条 （2023年夏秋航季）,20座（2023年夏秋航季）,1042740 人次 （2022年）,5903.5 吨 （2022年）,10173架次（2022年）,云南机场集团有限责任公司德宏芒市机场,,,,,,,,,,,,,,,,,,,,,,
菏泽牡丹机场,Heze Mudan Airport,ZSHZ,HZA,2021年4月2日,中国 山东 省 菏泽市,4C,民用运输机场,中国民用航空华东地区管理局,10916 m² （截至2021年4月）,9 个 （截至2021年4月）,2600 m （截至2021年4月）,13 条 （2022/2023年冬春航季）,22座（2022/2023年冬春航季）,761955 人次 （2023年）,737 吨 [35] （2024年）,34329架次 （2023年）,山东省机场管理集团菏泽机场有限公司,,,,,,,,,,,,,,,,,,,,,,
拉萨贡嘎国际机场,Lhasa Konggar International Airport,ZULS,LXA,1966年10月25日,中国西藏自治区山南市,4E,军民合用机场,中国民用航空西南地区管理局,115185 m² （截至2026年2月）,34 个 （截至2026年2月）,4000 m （截至2026年2月）,,55座（2025/2026年冬春航季）,6284823 人次 （2025年）,49562.9 万吨 （2025年）,52073架次（2025年）,中国民用航空西藏自治区管理局 西藏机场集团,,,,,,,,,,,,,,,,,,,,,,
洛阳北郊机场,Luoyang Beijiao Airport,ZHLY,LYA,1987年9月26日,中国河南省洛阳市,4D级,民用运输机场,中国民用航空中南地区管理局,14800 m² （截至2021年6月）,9 个 （截至2021年6月）,2500 m （截至2021年6月）,23 条 （2022年夏秋航季）,31座（2022年夏秋航季）,1237795 人次 （2021年）,928.9 吨 （2021年）,226214架次（2021年）,洛阳北郊机场有限责任公司,,,,,,,,,,,,,,,,,,,,,,
连云港花果山国际机场,Lianyungang Huaguoshan International Airport,ZSLG,LYG,2021年12月2日,中国江苏省连云港市灌云县,4D,民用运输机场,中国民用航空华东地区管理局,30000 m²,16 个,2800 m,24 条 （2024年夏秋航季）,28个 （2024年夏秋航季）,1447802 人次 （2023年）,2008.6 吨 （2023年）,16062架次 （2023年）,东部机场集团有限公司 [35] 连云港花果山机场建设投资有限公司 [3],,,,,,,,,,,,,,,,,,,,,,
临沂启阳国际机场 [30],Linyi Qiyang International Airport,ZSLY,LYI,1999年1月18日,中国山东省临沂市,4D,民用运输机场,中国民用航空华东地区管理局,17600 m² （截至2024年3月）,35 个 （截至2024年3月）,3200 m （截至2024年3月）,52 条 [37] （截至2024年7月）,32个 [32] （截至2024年7月）,1182825 人次 （2022年）,6229.3 吨 （2022年）,32686架次（2022年）,山东省机场管理集团有限公司 山东省机场管理集团临沂国际机场有限公司,,,,,,,,,,,,,,,,,,,,,,
柳州白莲机场,Liuzhou Bailian Airport,ZGZH,LZH,1994年12月28日,中国广西壮族自治区柳州市,4C,军民合用机场,中国民用航空中南地区管理局,2.28万平方米 em 不含T1 /em （截至2016年12月）,10个 em 不含T1 /em （截至2016年12月）,2540米，共1条（截至2016年12月）,14 条 （2024年夏航季）,18个 （2024年夏航季）,125 万人次 [31] （2022年）,0.34 万吨 （2022年）,0.68万架次 （2022年）,广西机场管理集团有限责任公司柳州机场,,,,,,,,,,,,,,,,,,,,,,
泸州云龙机场,Luzhou Yunlong Airport,ZULZ,LZO,2018年9月10日,中国四川省泸州市,4C,军民合用机场,中国民用航空西南地区管理局,30000 m² （截至2018年9月）,14 个 （截至2018年9月）,2800 m （截至2018年9月）,,36座 （2025年夏秋航季）,243.5 万人次 （2024年）,5171.8 吨 （2024年）,25921架次 （2024年）,泸州机场（集团）有限责任公司,,,,,,,,,,,,,,,,,,,,,,
牡丹江海浪国际机场,Mudanjiang Hailang International Airport,ZYMD,MDG,1985年9月2日,中国黑龙江省牡丹江市,4C级,军民合用机场,中国民用航空东北地区管理局,8200平方米（截至2020年2月）,4个（截至2020年2月）,2600米（截至2020年2月）,17条（截至2019年10月）,12个（截至2019年10月）,80 万人次 （2023年）,1290.0吨（2018年）,8128架次（2018年）,首都机场集团公司 黑龙江省机场管理集团有限公司 牡丹江海浪国际机场有限公司,,,,,,,,,,,,,,,,,,,,,,
绵阳南郊机场,Mianyang Nanjiao Airport,ZUMY,MIG,2001年4月28日,中国四川省绵阳市,4D级,军民训三合一机场 [41],中国民用航空西南地区管理局,48000 m² [19],20个（据2020年3月信息显示）,2400米，共1条（据2019年4月信息显示）,59 条 [19] （截至2022年）,42个（截至2022年） [19],310.38 万人次 （2023年）,0.69 万吨 （2023年）,19.35万架次 （2023年）,绵阳机场（集团）有限公司,,,,,,,,,,,,,,,,,,,,,,
梅州梅县机场,Meizhou Meixian Airport,ZGMX,MXZ,1987年9月1日,中国广东省梅州市,4C级,民用运输机场,中国民用航空中南地区管理局,8227 m²,5 个,2400 m,9 条,11座,84769 人次 （2024年）,3.4 吨 （2024年）,1443架次 （2024年）,广东省机场管理集团有限公司梅州机场公司,,,,,,,,,,,,,,,,,,,,,,
南充高坪机场,Nanchong Gaoping Airport,ZUNC,NAO,2004年8月20日,中国四川省南充市,4C级,军民合用机场,中国民用航空西南地区管理局,13140平方米（截至2020年4月）,7个（截至2020年4月）,2800米（截至2020年4月）,15 条 （2022年夏秋航季）,25座（2025年冬春航季） [26],107.3 万人次 [26] （2021年）,2480.38 吨 [26] （2021年）,8699架次（2025年） [26],南充高坪机场有限责任公司,,,,,,,,,,,,,,,,,,,,,,
齐齐哈尔三家子机场,Qiqihar Sanjiazi Airport,ZYQQ,NDG,1988年5月16日,中国黑龙江省齐齐哈尔市,4C级,军民合用机场,中国民用航空东北地区管理局,18245 m² [33],10 个 [33] （截至2020年4月）,3000 至 3600 m [33] （2025年）,8 条 （2022年夏秋航季）,8座（2022年夏秋航季）,591182 人次 [37] （2025年）,722.7 吨 [36] （2025年）,4294 [36] （2025年）,黑龙江省机场管理集团有限公司齐齐哈尔机场分公司,,,,,,,,,,,,3600m [32],3000m [32],50m [32] （东西跑道宽度）,,,,,,,,
宁波栎社国际机场,Ningbo Lishe International Airport,ZSNB,NGB,1990年6月30日,中国浙江省宁波市,4E,民用运输机场,中国民用航空华东地区管理局,112400 m² （截至2019年12月）,46 个 （截至2019年12月）,3200 m （截至2019年12月）,143 条 （截至2019年12月）,96个 （截至2019年12月）,1473.3 万人次 （2024年）,16.9 万吨 （2024年）,10.9万架次 （2024年）,宁波机场集团有限公司 [51],,,,,,,,,,,,,,,,,,,,,,
南京禄口国际机场,Nanjing Lukou International Airport,ZSNJ,NKG,1997年7月1日,中国 南京,4F,民用运输机场,中国民用航空局华东地区管理局,425000 m²,143 个 （截至2020年12月）,3600 m （2条）,158 条 （截至2016年底）,115个（截至2016年底）,3058.17 万人次 （2019年）,37.46 万吨 （2019年）,23.49万架次（2019年） [11],东部机场集团有限公司,,,,,,,,,,,,,,,,,,,,,,
南宁吴圩国际机场,Nanning Wuxu International Airport,ZGNN,NNG,1962年11月26日,中国广西壮族自治区南宁市,4E,军民合用机场,中国民用航空中南地区管理局,189000 m² （截至2025年10月）,78 个 （截至2025年10月）,3200 至 3800 m [38] （2条跑道）,,90座 （2025年冬春航季）,14005322 人次 （2024年）,203174.2 吨 （2024年）,105939架次（2024年）,广西机场管理集团有限责任公司南宁吴圩国际机场公司,,,,,,,,,,,,,,,,,,,,,,
南阳姜营机场,Nanyang Jiangying Airport,ZHNY,NNY,1992年10月16日,中国河南省南阳市,4D级,民用运输机场,中国民用航空中南地区管理局,8400平方米（截至2020年2月）,10个（截至2020年2月）,2800米（截至2020年2月）,35 条 （2022年夏秋航季）,30座（2022年冬春航季）,1067753 人次 （2021年）,861.1 吨 （2021年）,53774架次（2021年）,中国南方航空集团有限公司,,,,,,,,,,,,,,,,,,,,,,
南通兴东国际机场,Nantong Xingdong International Airport,ZSNT,NTG,1993年8月24日,中国江苏省南通市,4E级 [9],民用运输机场,中国民用航空华东地区管理局,6.7万平方米（截至2019年8月）,34个（截至2019年4月）,3400米，共1条（截至2019年4月）,,37个（截至2019年4月）,348.44万人次（2019年）,4.22万吨（2019年）,3.45万架次（2019年）,南通机场集团有限公司,,,,,,,,,,,,,,,,,,,,,,
北京首都国际机场,Beijing Capital International Airport,ZBAA,PEK,1958年,中国 北京市 朝阳区、顺义区,4F,民用运输机场,中国民用航空华北地区管理局,1410000 m² [1] （T1、T2和T3共计）,314 个 [1] （2018年）,3800米两条、3200米（共3条）,252 条 （国内132条、国际120条（2016年））,,52879156 人次 [188] （2023年）,98.87 万吨 （2022年）,15.76万架次 （2022年）,北京首都国际机场股份有限公司,,,,,,,,北京市朝阳区机场西路,,,,,,,,,,,,,,
上海浦东国际机场,Shanghai Pudong International Airport,ZSPD,PVG,1999年9月16日,中国 上海市 浦东新区 祝桥镇 [731],4F,民用运输机场,中国民用航空华东地区管理局,1456000 m² [4] （截至2019年9月）,340 个 （截至2019年9月）,3800米2条、3400米1条、4000米1条（共4条，截至2017年9月）,220 条 （国内106条、国际114条（截至2016年底））,297个 （截至2017年底）,7679 万人次 [794] （2024年）,311.72 万吨 （2022年）,20.44万架次 [83] （2022年）,上海机场（集团）有限公司,,,,,,,,,,,,,,,,,,,,,,
上海虹桥国际机场,Shanghai Hongqiao International Airport,ZSSS,SHA,1921年,中国上海市长宁区、闵行区,4E,民用运输机场,中国民用航空华东地区管理局,444600 m² （截至2017年9月）,155 个 （截至2017年9月）,3400米、3300米（共2条，截至2017年9月）,,,42492745 人次 [66] （2023年）,18.45 万吨 （2022年）,12.27万架次 （2022年）,上海机场（集团）有限公司,,,,,,,,,,,,,,,,,,,,,,
沈阳桃仙国际机场,Shenyang Taoxian International Airport,ZYTX,SHE,1989年4月16日,中国辽宁省沈阳市,4E,民用运输机场,中国民用航空东北地区管理局,248000 m² （截至2016年底）,47 个 （截至2016年底）,3200 m （截至2016年底）,150 条,101个 [111],2056.4 万人次 （2023年）,19.85 万吨 （2023年）,15.14万 （2023年）,辽宁省机场管理集团有限公司,,,,,,,,,,,,,,,,,,,,,,
秦皇岛北戴河机场,Qinhuangdao Beidaihe Airport,ZBDH,BPE,2016年3月31日,中国河北省秦皇岛市,4C级,民用运输机场,中国民用航空华北地区管理局,1.06万平方米（截止到2020年3月）,8个（截至2020年3月）,2600米（截至2020年3月）,6 条 （2023年夏秋航季）,6座（2023年夏秋航季）,217642 人次 （2021年）,103.1 吨 （2021年）,8352架次（2021年）,首都机场集团有限公司 河北机场管理集团有限公司 秦皇岛机场分公司,,,,,,,,,,,,,,,,,,,,,,
荆州沙市机场,Jingzhou Shashi Airport,ZHJZ,SHS,2021年1月30日,中国湖北省荆州市,4C,民用运输机场,中国民用航空中南地区管理局,13799 m² （截至2021年1月）,5 个 （截至2021年1月）,2600 m （截至2021年1月）,18 条 （2025年冬春航季）,27座（2025年冬春航季）,104.07 万人次 （2024年）,812.1 吨 [35] （2023年）,10068架次（2023年） [35],湖北机场集团公司荆州机场有限公司 荆州机场建设管理有限公司,,,,,,,,,,,,,,,,,,,,,,
石家庄正定国际机场,Shijiazhuang Zhengding International Airport,ZBSJ,SJW,1995年2月18日,中国河北省石家庄市,4E级,民用运输机场,中国民用航空华北地区管理局,20.9万平方米（截至2018年8月）,69个（截至2018年8月）,3400米（截至2018年8月）,128 条,92个（2024年）,820.3 万人次 [30] （2020年）,8.6 万吨 [30] （2020年）,7.680万（2020年） [30],河北机场管理集团有限公司,,,,,,,,,,,,,,,,,,,,,,
三明沙县机场,Sanming Shaxian Airport,ZSSM,SQJ,2016年3月7日,中国福建省三明市,4C,民用运输机场,中国民用航空华东地区管理局,14000 m² [1] （2025年数据）,15 个 [1] （2025年数据）,2600 m （2025年数据）,9 条 [9] （截至2025年7月）,9个 [9] （截至2025年7月）,31.57 万人次 [10] （2024年数据）,0.06 万吨 [10] （2024年数据）,0.53万架次 [10] （2024年数据）,福建三明机场有限公司,,,,,,,,,,,,,,,,,,,,,,
揭阳潮汕国际机场,Jieyang Chaoshan International Airport,ZGOW,SWA,2011年12月15日,中国广东省揭阳市,4E,民用运输机场,中国民用航空中南地区管理局,110000 m² [38] （截止2022年12月）,46 个 [38] （截止2022年12月）,3200 m [2] （截至2019年8月）,69 条 [42],62个 [42],573.4 万人次 （2021年）,3.1 万吨 （2021年）,5.0 万架次 （2021年）,广东省机场管理集团有限公司揭阳潮汕机场公司,,,,,,,,,,,,,,,,,,,,,,
普洱思茅机场,Puer Simao Airport,ZPSM,SYM,1961年3月15日,中国云南省普洱市,4C级,军民合用机场,中国民用航空西南地区管理局,5382 m² （截至2021年7月）,6 个 （截至2021年7月）,2500 m （截至2021年7月）,3 条 （2022/2023年冬春航季）,4座（2022/2023年冬春航季）,577917 人次 （2021年）,1167.2 吨 （2021年）,8311架次（2021年）,云南机场集团有限责任公司,,,,,,,,,,,,,,,,,,,,,,
三亚凤凰国际机场,Sanya Phoenix International Airport,ZJSY,SYX,1994年7月1日,中国海南省三亚市,4E级,民用运输机场,中国民用航空中南地区管理局,105000 m²,,3400米，共1条（截至2019年9月）,104条（截至2019年4月）,93个（截至2019年4月）,1541.28 万人次 （2020年）,7.99 万吨 （2020年）,10.81万架次 （2020年）,三亚凤凰国际机场有限责任公司,,,,,,,,,,,,,,,,,,,,,,
深圳宝安国际机场,Shenzhen Bao&#x27;an International Airport,ZGSZ,SZX,1991年10月12日,中华人民共和国广东省深圳市,4F级,民用运输机场,中国民用航空局中南地区管理局,451000 m²,199 个 （2016年）,3400 至 3800 m （2条跑道）,188 条 （截至2016年底）,,6147.7 万人次 [389] （2024年）,188.1 万吨 [389] （2024年）,42.8万架次 [389] （2024年）,深圳市机场（集团）有限公司,,,,,,,,,,,,,,,,,,,,,,
青岛胶东国际机场,Qingdao Jiaodong International Airport,ZSQD,TAO,2021年8月12日,中国山东省青岛市,4F,民用运输机场,中国民用航空华东地区管理局,532000 m² [109] （截至2024年4月）,178 个 （截至2021年8月）,3600 m （共2条，截至2020年7月）,198 条 （2021年夏秋航季）,112座 （2021年夏秋航季）,21420712 人次 [59] （2023）,260814.7 吨 [59] （2023）,170815 [59] （2023年）,青岛国际机场集团有限公司,,,,,,,,,,,,,,,,,,,,,,
塔城千泉机场,Tacheng Qianquan Airport,ZWTC,TCG,1995年9月21日,中国新疆维吾尔自治区塔城地区,4C,民用运输机场,中国民用航空新疆管理局,12020 m² （截至2022年1月）,10 个 （截至2022年1月）,2800 m （截至2022年1月）,5 条 （2022年夏秋航季）,11 （2024夏秋航季）,160886 人次 （2021年）,9.0 吨 （2021年）,4869架次（2021年）,新疆机场（集团）有限责任公司,,,,,,,,,,,,,,,,,,,,,,
铜仁凤凰机场,Tongren Fenghuang Airport,ZUTR,TEN,2001年7月21日,中国贵州省铜仁市、湖南省湘西土家族苗族自治州,4C级,民用运输机场,中国民用航空西南地区管理局,23000 m² （截至2021年2月）,7 个 （截至2021年2月）,2600 m （截至2021年2月）,9条（截至2020年5月）,14个（截至2020年5月）,92.4490万人次（2019年）,93.4吨（2019年）,8278架次（2019年）,贵州省机场集团有限公司铜仁机场分公司,,,,,,,,,,,,,,,,,,,,,,
通辽机场,Tongliao Airport,ZBTL,TGO,1959年5月26日,中国内蒙古自治区通辽市,4C级,民用运输机场,中国民用航空华北地区管理局,1.1579万平方米（截至2020年3月）,11个（截至2020年3月）,2700米（截至2020年3月）,21 条 [24],22座 [24],938125 人次 （2021年）,1783.7 吨 （2021年）,12107架次（2021年）,内蒙古自治区民航机场管理集团有限责任公司 内蒙古通辽民航机场有限责任公司,,,,,,,,,,,,,,,,,,,,,,
济南遥墙国际机场,Jinan Yaoqiang International Airport,ZSJN,TNA,1992年7月26日,中国山东省济南市,4E,民用运输机场,中国民用航空华东地区管理局,164000 m² （截至2025年4月）,57 个 [58] （截至2017年9月）,3600 m （截至2025年4月）,146 条 （国内客运航线（截至2024年9月）） 10 条 （国际及地区客运航线（截至2024年9月）） 3 条 （国内货运航线（截至2024年9月）） 3 条 （国际货运航线（截至2024年9月））,,约 2000 万人次 （2024年）,11.36 万吨 [2] （2018年）,12.68万架次 [2] （2018年）,山东省机场管理集团有限公司,,,,,,,,,,,,,,,156条 （截至2014年9月）,,,,,,,
通化三源浦机场,Tonghua Sanyuanpu Airport,ZYTN,TNH,2014年6月18日,中国吉林省通化市,4C级,军民合用机场,中国民用航空东北地区管理局,3034平方米（截至2020年4月）,4个（截至2020年4月）,2300米（截至2020年4月）,6 条 （2022年夏秋航季）,9座（2022年夏秋航季）,127603 人次 （2021年）,,1606架次（2021年）,首都机场集团有限公司 吉林省民航机场集团公司 通化机场公司,,,,,,,,,,,,,,,,,,,,,,
天津滨海国际机场,Tianjin Binhai International Airport,ZBTJ,TSN,1950年8月1日,中国 天津市 东丽区,4E [1],民用运输机场,中国民用航空华北地区管理局,36.4万平方米（截至2019年8月）,59个（截至2017年8月）,3200米、3600米（共2条，截至2019年8月）,131 条 （国内，2016年） 49 条 （国际及地区，2016年）,,2381.3万人次（2019年） [8],22.6万吨（2019年） [8],16.7万架次（2019年） [7],,,,,,,,,,,,,,,,,,,,,,,
黄山屯溪国际机场,Huangshan Tunxi International Airport,ZSTX,TXN,1959年10月,中国安徽省黄山市,4D级,民用运输机场,中国民用航空华东地区管理局,1.4万平方米（截至2019年5月）,8个（截至2019年5月）,2600米，共1条（截至2019年5月）,,24个（截至2019年5月）,44.42 万人次 （2020年）,0.13 万吨 （2020年）,0.55万架次 （2020年）,安徽民航机场集团有限公司黄山机场分公司,,,,,,,,,,,,,,,,,,,,,,
太原武宿国际机场,Taiyuan Wusu International Airport,ZBYN,TYN,1939年,中国山西省太原市、晋中市,4E级,民用机场,中国民用航空局华北地区管理局,8.1万平方米（截至2017年11月）,43个（截至2017年11月）,3600米（截至2018年4月）,客运航线130条（截至2017年11月） 货运航线1条（截至2017年11月）,72个（截至2017年11月）,1358.84万人次（2018年）,4.84万吨（2017年）,10.11万次（2017年）,山西省民航机场集团公司,,,,,,,,,,,,,,,,,,,,,,
乌鲁木齐天山国际机场,Urumqi Tianshan International Airport,ZWWW,URC,1939年,中国新疆维吾尔自治区乌鲁木齐市,4F,民用运输机场,中国民用航空新疆管理局,500000 m² （截至2025年4月）,198 个 （截至2025年4月）,3200 至 3800 m （截至2025年4月）,,,27765723 人次 （2024年）,235903.8 吨 （2024年）,188743架次 （2024年）,新疆机场（集团）有限责任公司乌鲁木齐国际机场分公司,,,,,,,,,,,,,,,,,,,,,,
榆林榆阳机场,Yulin Yuyang Airport,ZLYL,UYN,2008年4月10日,中国陕西省 榆林市,4D [20],民用运输机场,中国民用航空西北地区管理局,1.06万平方米（截至2019年4月）,,2800米，共1条（截至2019年4月）,26条（截至2019年4月）,29个（截至2019年4月）,209.02万人次（2018年）,0.55万吨（2018年）,2.08万架次（2018年）,西部机场集团榆林机场有限公司,,,,,,,,,,,,,,,,,,,,,,
潍坊机场,Weifang Airport,ZSWF,WEF,1996年4月4日,中国山东省潍坊市,4D级,军民合用机场,中国民用航空华东地区管理局,19182平方米（截止2020年4月）,6个（截至2020年4月）,2600 m （截至2020年4月）,13 条 （2023年夏秋航季客运） 4 条 （2023年夏秋航季货运）,19座（2023年夏秋航季）,134749 人次 （2022年）,10831.5 吨 （2022年）,2409架次（2022年）,海南省发展控股有限公司 [26] 海南机场集团有限公司 [27] 潍坊南苑机场有限责任公司,,,,,,,,,,,,,,,,,,,,,,
威海大水泊国际机场,Weihai Dashuipo International Airport,ZSWH,WEH,1988年7月1日,中国山东省威海市,4D级,军民合用机场,中国民用航空华东地区管理局,1.4万平方米（截至2016年12月）,,2600米（截至2016年12月）,,广州、杭州、南京、大连等,110.8 万人次 （2022年）,15201.8 吨 （2022年）,14576架次（2022年）,威海国际机场集团有限公司,,,,,,,,,,,,,,,,,,,,,,
上饶三清山机场,Shangrao Sanqingshan Airport,ZSSR,SQD,2017年5月28日,中国华东，江西省上饶市,4C级,民用运输机场,中国民用航空华东地区管理局,10496平方米（截至2013年6月）,6 个 （截至2017年5月）,2400 m （截至2017年5月）,8 条 （截至2020年7月）,12个（2024年夏秋季）,350201 人次 （2021年）,145.3 吨 （2021年）,5141架次 （2021年）,上饶三清山机场有限公司,,,,,,,,,,,,,,,,,,,,,,
温州龙湾国际机场,Wenzhou Longwan International Airport,ZSWZ,WNZ,1990年7月12日,中国浙江省温州市,4E,民用运输机场,中国民用航空华东地区管理局,129500 m² （截至2018年6月）,59 个 （截至2018年6月）,3200 m （截至2018年6月）,125 条 （截至2018年6月）,累计150个 [6] （截至2020年6月）,1229 万人次 （2019年）,8.11 万吨 （2019年）,9.23万架次 （2019年）,温州机场集团有限公司,,,,,,,,,,,,,,,,,,,,,,
武汉天河国际机场,Wuhan Tianhe International Airport,ZHHH,WUH,1995年4月15日,中国湖北省武汉市,4F,民用运输机场,中国民用航空中南地区管理局,495000 m² （截至2020年8月）,117 个 （截至2020年8月）,3400 m （3600米，共2条）,,,3140.6 万人次 [24] [105] （2024年）,20.64 万吨 （2023年）,20.56万架次 （2023年）,湖北机场集团有限公司,,,,,,,,,,,,,,,,湖北省武汉市黄陂区天河街道机场大道 [48],,,,,,
武夷山机场,Wuyishan Airport,ZSWY,WUS,1994年1月15日,中国福建省南平市武夷山市,4C,军民合用机场,中国民用航空华东地区管理局,13544 m² （截至2020年4月）,8 个 （截至2020年4月）,2400 m （截至2020年4月）,7 条 （2022年夏秋航季）,10座 （2022年夏秋航季）,262920 人次 （2021年）,251.6 吨 （2021年）,3328架次 （2021年）,元翔（武夷山）机场有限公司,,,,,,,,,,,,,,,,,,,,,,
无锡硕放机场,Wuxi Shuofang Airport,ZSWX,WUX,2004年2月18日,中国江苏省无锡市,4E,军民合用机场,中国民用航空华东地区管理局,106000 m²,38 个,3200 m,,,10504277 人次 （2024年）,173497.4 吨 （2024年）,81445架次（2024年）,无锡苏南国际机场集团有限公司 苏南硕放国际机场有限公司,,,,,,,,,,,,,,,,,,,,,,
梧州西江机场 [21-22],Wuzhou Xijiang Airport,ZGWZ,WUZ,2019年1月23日,中国广西壮族自治区梧州市,4C级,民用运输机场,中国民用航空中南地区管理局,8000 m² （截至2022年5月）,5 个 （截至2022年5月）,2600 m （截至2022年5月）,6 条 （2022年夏秋航季）,10座 （2022年夏秋航季）,291636 人次 [19] （2023年）,74.2 吨 [19] （2023年）,116431 [19] （2023年）,广西机场管理集团有限责任公司 梧州西江机场有限责任公司,,,,,,,,,,,,,,,,,,,,,,
万州五桥机场,Wanzhou Wuqiao Airport,ZUWX,WXN,2003年5月29日,中国重庆市万州区,4C,民用运输机场,中国民用航空西南地区管理局,31780 m² （截至2019年8月）,16 个 （截至2019年8月）,2800 m （截至2020年6月）,,20座 （2025年夏秋航季）,81.12 万人次 （2024年）,522.60 吨 （2024年）,12461架次 （2024年）,重庆市万州机场有限责任公司,,,,,,,,,,,,,,,,,,,,,,
襄阳刘集机场,Xiangyang Liuji Airport,ZHXF,XFN,1989年12月14日,中国湖北省襄阳市,4D,民用运输机场,中国民用航空中南地区管理局,20000 m² （T2，截至2020年8月）,12 个 （截至2020年8月）,2600 m （截至2020年8月）,20 条 （2024年夏秋航季）,30个（2024年夏秋航季）,1133075 人次 （2022年）,2019.9 吨 （2022年）,6.4479万架次 （2022年）,湖北机场集团襄阳机场公司,,,,,,,,,,,,,,,,,,,,,,
西昌青山机场,Xichang Qingshan Airport,ZUXC,XIC,1975年5月1日,中国四川省凉山彝族自治州,4D级,军民合用机场,中国民用航空西南地区管理局,10000 m² （截至2021年2月）,19 个 （截至2021年2月）,3600 m （截至2021年2月）,43 条 （2022/2023年冬春航季）,33座（2022/2023年冬春航季）,1595315 人次 （2021年）,4564.8 吨 （2021年）,17454架次（2021年）,四川省机场集团有限公司,,,,,,,,,,,,,,,,,,,,,,
锡林浩特机场,Xilinhot Airport,ZBXH,XIL,1992年7月22日,中国内蒙古自治区锡林郭勒盟,4C,民用运输机场,中国民用航空华北地区管理局,6337 m² （截至2022年2月）,7 个 （截至2022年2月）,2800 m （截至2022年2月）,16 条 （2022年夏秋航季）,18座（2022年夏秋航季）,603379 人次 （2021年）,1497.6 吨 （2021年）,24895架次（2021年）,内蒙古民航机场集团有限责任公司 内蒙古锡林浩特民航机场有限责任公司,,,,,,,,,,,,,,,,,,,,,,
西安咸阳国际机场,Xi&#x27;an Xianyang International Airport,ZLXY,XIY,1991年9月1日,中国陕西省西安市、咸阳市,4F,民用运输机场,中国民用航空西北地区管理局,1160000 m² [288] （截至2025年2月）,127 个 （截至2017年11月）,3000 至 3800 m [176] [244] （共4条，其中1条在建，截至2025年12月）,313 条 （截至2017年11月）,161个（国内） [105],4703.04 万人次 （2024年）,29.05 万吨 （2024年）,33.26万架次 （2024年）,西部机场集团,,,,,,,,,,,,,,,,,,,,,,
厦门高崎国际机场,Xiamen Gaoqi International Airport,ZSAM,XMN,1983年10月,福建省厦门市,4E,民用运输机场,中国民用航空华东地区管理局,237000 m² [89] （截至2023年11月）,96 个 [82] （截至2025年12月）,3400 m,161 条 [82] （截至2025年）,112个 [82] （截至2025年）,2791 万人次 [85] （2024年）,10.1 万吨 [86] （2024年）,19.33万架次 [87] （2024年）,元翔（厦门）国际航空港股份有限公司,,,,,,,,,,,,,,,,,1941年,2座 [82] （截至2025年12月）,,,,
西宁曹家堡国际机场,Xining Caojiapu International Airport,ZLXN,XNN,1991年12月27日,中国青海省海东市,4E级,民用运输机场,中国民用航空西北地区管理局,158000 m² [51] （T3航站楼）,75 个 [44] （截至2025年9月）,3800 m （截至2025年8月）,,59座（2025年夏秋航季）,7026023 人次 （2024年）,37288 吨 （2024年）,56596架次（2024年）,西部机场集团青海机场有限公司,,,,,,,,,,,,,,,,,,,,,,
邢台褡裢机场,Xingtai Dalian Airport,ZBXT,XNT,2024年7月18日,中国河北省邢台市,4C,军民合用机场,中国民用航空华北地区管理局,6100 m² （截至2024年5月）,6 个 （截至2024年5月）,2600 m （截至2024年5月）,4 条 （2024年夏秋航季）,5座,100035 万人次 [34] （截至2025年6月26日）,,992架次 [35] （截至2025年7月18日）,河北机场管理集团有限公司 邢台机场有限公司,,,,,,,,,,,,,,,,,,,,,,
徐州观音国际机场,Xuzhou Guanyin International Airport,ZSXZ,XUZ,1997年11月8日,中国江苏省徐州市,4D [1],民用运输机场,中国民用航空华东地区管理局,58000 m² （截至2019年3月）,21 个 （截至2019年4月）,3400 m （截至2019年4月）,45 条 [37] （截至2019年12月）,39个 （截至2019年10月）,343 万人次 [36] （2019年）,1.5 万吨 [36] （2019年）,4.96万架次 （2019年）,徐州市观音机场有限公司 东部机场集团有限公司,,,,,,,,,,,,,,,,,,,,,,
宜宾五粮液机场,Yibin Wuliangye Airport,ZUYB,YBP,2019年12月5日,中国四川省宜宾市,4C,军民合用机场,中国民用航空西南地区管理局,24000 m² （截至2019年12月）,13 个 （截至2019年12月）,2600 m （截至2019年12月）,,30个 （2025年夏秋航季）,209.25 万人次 （2024年）,8083.06 吨 （2024年）,18408架次 （2024年）,宜宾机场有限责任公司,,,,,,,,,,,,,,,,,,,,,,
运城盐湖国际机场,Yuncheng Yanhu International Airport,ZBYC,YCU,2005年2月7日,中国山西省运城市,4E [35],民用运输机场,中国民用航空华北地区管理局,55700 m² （截至2022年12月）,20 个 （截至2022年12月）,3200 m （截至2021年12月）,31 条 （2022/2023年冬春航季）,31座（2022/2023年冬春航季）,1919323 人次 （2021年）,7306.5 吨 （2021年）,24229架次（2021年）,山西航空产业集团有限公司 运城民航机场有限公司 运城市民航机场建设中心,,,,,,,,,,,,,,,,,,,,,,
宜春明月山机场,Yichun Mingyueshan Airport,ZSYC,YIC,2013年6月26日,中国江西省宜春市,4C级,民用机场,中国民用航空华东地区管理局,0.72万平方米（截至2019年6月）,11 个,2400米，共1条（截至2019年6月）,8 条 （2024年夏航季）,15个（2024年夏航季）,50 万人次 （2023年8月11日）,0.01 万吨 （2020年）,0.51万架次 （2020年）,宜春明月航空发展服务有限责任公司,,,,,,,,,,,,,,,,,,,,,,
宜昌三峡国际机场,Yichang Sanxia International Airport,ZHYC,YIH,1996年12月28日,中国湖北省宜昌市,4D,民用运输机场,中国民用航空中南地区管理局,73800 m² （截至2023年7月）,21 个 （截至2023年7月）,3200 m （截至2023年7月）,34 条 （2024年夏秋航季）,40座（2024年夏秋航季）,3007545 人次 （2023年）,4562.9 吨 （2023年）,66936架次（2023年）,宜昌三峡机场有限责任公司 海南机场集团有限公司,,,,,,,,,,,,,,,,,,,,,,
伊犁伊宁国际机场,Ili Yining International Airport,ZWYN,YIN,1936年10月31日,中国新疆维吾尔自治区伊犁哈萨克自治州,4C,民用运输机场,中国民用航空新疆管理局,24000 m² （截至2024年1月）,13 个 （截至2024年1月）,2400 m （截至2024年1月）,26 条 （2024年夏秋航季）,23座（2024年夏秋航季）,1775429 人次 （2023年）,5418.8 吨 （2023年）,18784架次（2023年）,新疆机场（集团）有限责任公司 伊宁管理分公司,,,,,,,,,,,,,,,,,,,,,,
义乌机场,Yiwu Airport,ZSYW,YIW,1991年4月,中国浙江省金华市义乌市,4D级,军民合用运输机场,中国民用航空华东地区管理局,31000 m² （截至2024年11月）,11 个 （截至2024年11月）,3000 m （截至2024年11月）,24 条 （2023年夏秋航季）,23个（2024年冬航季）,296.57 万人次 （2023年）,1.52 万吨 （2023年）,2.40万架次（2023年）,浙江省义乌机场管理有限公司,,,,,,,,,,,,,,,,,,,,,,
延吉朝阳川国际机场,Yanji Chaoyangchuan International Airport 연길조양천국제공항,ZYYJ,YNJ,1985年8月29日,中国吉林省延边朝鲜族自治州延吉市,4C,军民合用机场,中国民用航空局东北地区管理局,21720 m² [10] （截至2020年8月）,11 个 （截至2020年8月）,2600 m （共1条，截至2020年8月）,22 条 （截至2025年3月）,21 个 （截至2025年3月）,179.59 万人次 （2024年）,3455.0 吨 （2024年）,13648架次 （2024年）,吉林省民航机场集团公司,,,,,,,,,,,,,,,,,,,,,,
烟台蓬莱国际机场,Yantai Penglai International Airport,ZSYT,YNT,2015年5月28日,中国山东省烟台市蓬莱区潮水镇,4E级,民用运输机场,中国民用航空华东地区管理局,9万平方米（截至2015年5月） [3],39个（截至2015年5月）,3400米，共一条（截至2015年5月）,75 条 （2024年冬春航季）,52个（2024年夏秋航季）,1000万人次（2019年）,4.11万吨（2017年）,6.21万架次（2017年）,烟台国际机场集团有限公司,,,,,,,,,,,,,,,,,,,,,,
盐城南洋国际机场,Yancheng Nanyang International Airport,ZSYN,YNZ,2000年3月29日,中国江苏省盐城市,4C,军民合用机场,中国民用航空华东地区管理局,44050 m² （截至2023年8月）,20 个 （截至2023年8月）,2800 m （截至2023年8月）,,31座（2023年夏秋航季）,876131 人次 （2022年）,3248.9 吨 （2022年）,9468架次（2022年）,东部机场集团有限公司 盐城南洋国际机场有限责任公司,,,,,,,,,,,,,,,,,,,,,,
昭通机场,Zhaotong Airport,ZPZT,ZAT,1950年,中国云南省昭通市,4C级,军民合用机场,中国民用航空西南地区管理局,1906 m² （截至2022年12月）,2 个 （截至2022年12月）,2600 m （截至2022年12月）,8 条 （2023年夏秋航季）,9座 （2023年夏秋航季）,247081 人次 （2022年）,515 吨 （2022年）,372架次 （2022年）,云南机场集团有限责任公司昭通机场,,,,,,,,,,,,,,,,,,,,,,
日照山字河机场,Rizhao Shanzihe Airport,ZSRZ,RIZ,2015年12月22日,中国山东省日照市,4C级,民用运输机场,中国民用航空华东地区管理局,2.2万平方米（截至2018年10月）,6个（截至2018年10月）,2600米，共1条（截至2018年10月）,15条（截至2019年10月）,21个（截至2019年10月）,90.12万人次（2018年）,0.14万吨（2018年）,7.95万架次（2018年）,日照机场建设投资有限公司,,,,,,,,,,,,,,,,,,,,,,
湛江吴川国际机场,Zhanjiang Wuchuan  International Airport,ZGZJ,ZHA,2022年3月24日,中国广东省湛江市,4E,民用运输机场,中国民用航空中南地区管理局,61800 m² （截至2023年9月）,30 个 （截至2023年9月）,3200 m （截至2023年9月）,40 条 （2023年夏秋航季）,39座 （2023年夏秋航季）,274 万人次 （2023年）,7282 吨 （2023年）,,广东省机场管理集团有限公司湛江机场公司,,,,,,,,,,,,,,,,,,,,,,
中卫沙坡头机场,Zhongwei ShapotouAirport,ZLZW,ZHY,2008年12月26日,中国宁夏回族自治区中卫市,4C级,民用运输机场,中国民用航空西北地区管理局,3300平方米（截至2020年4月）,5个（截至2020年4月）,2800米（截至2020年4月）,7 条 （2022年夏秋航季）,11座（2022年夏秋航季）,216414 人次 （2021年）,931.9 吨 （2021年）,51358架次（2021年）,西部机场集团宁夏机场有限公司中卫分公司,,,,,,,,,,,,,,,,,,,,,,
珠海金湾机场,Zhuhai Jinwan Airport,ZGSD,ZUH,1995年6月18日 [27],中国广东省珠海市,4E,民用运输机场,中国民用航空中南地区管理局,91600 m² （截至2017年12月）,33 个 [41],4000 m （共1条，（截至2017年12月））,120 条 （截至2017年12月）,78个 （截至2024年4月）,1325 万人次 [24] [76] （2025年）,3.8 万吨 [24] （2020年）,6.6万架次 [24] （2020年）,珠海市珠港机场管理有限公司,,,,,,,,,,,,,,,,,,,珠海市金湾区三灶镇西南端,,,
遵义新舟机场,Zunyi Xinzhou Airport,ZUZY,ZYI,2012年8月28日,中国贵州省遵义市,4C级,军民合用机场 [20],中国民用航空西南地区管理局,1.06万平方米（截至2019年5月）,5个（截至2019年5月）,2800米，共1条（截至2019年5月）,36条（截至2019年5月）,37个（截至2019年5月）,203.35万人次（2018年）,0.23万吨（2018年）,1.89万架次（2018年）,遵义机场有限责任公司,,,,,,,,,,,,,,,,,,,,,,
石河子花园机场,Shihezi Huayuan Airport,ZWHZ,SHF,2015年12月26日,中国新疆维吾尔自治区石河子市,4C级,民用运输机场,中国民用航空新疆管理局,3567.43 m² （截至2020年8月）,7 个 （截至2020年8月）,2800 m （截至2020年8月）,9 条 （2024年夏秋航季）,14 （2024年夏秋航季）,187249 人次 （2021年）,101.7 吨 （2021年）,33078架次（2021年）,石河子机场管理有限公司,,,,,,,,,,,,,,,,,,,,,,
广元盘龙机场,Guangyuan Panlong Airport,ZUGU,GYS,2000年9月28日,中国四川省广元市,4C级,民用运输机场,中国民用航空西南地区管理局,5000 m² （截至2020年9月）,4 个 （截至2020年9月）,2500 m （截至2020年9月）,10 条 （2022年夏秋航季）,14座（2022年夏秋航季）,459399 人次 （2021年）,574.5 吨 （2021年）,104091架次（2021年),四川省机场集团有限公司,,,,,,,,,,,,,,,,,,,,,,
阿拉尔塔里木机场,Alar Talimu Airport,ZWAL,ACF,2022年6月16日,中国新疆维吾尔自治区阿拉尔市,4C,民用运输机场,中国民用航空新疆管理局,5269 m² [24] （截至2026年1月）,10 个 [21] （截至2026年1月）,3200 m [21] （截至2026年1月）,16 条 （2022年夏秋航季）,16座 [21],50 万人次 [19] [24] （2025年）,401.3 吨 [19] （2024年）,7020架次（2024年） [19],新疆机场（集团）有限责任公司 阿克苏（图木舒克、阿拉尔）机场,,,,,,,,,,,,,,,,,,,,,,
迪庆香格里拉机场,Diqing Shangrila Airport,ZPDQ,DIG,1999年4月30日,中国云南省迪庆藏族自治州,4D级,民用运输机场,中国民用航空西南地区管理局,17073 m² （截至2020年9月）,10 个 （截至2020年9月）,3600 m （截至2020年9月）,8 条 （2023年夏秋航季）,6座（2023年夏秋航季）,61.7941万人次（2019年）,772.1吨（2019年）,6852架次（2019年）,云南机场集团有限责任公司,,,,,,,,,,,,,,,,,,,,,,
临沧博尚机场,Lincang Boshang Airport,ZPLC,LNJ,2001年3月25日,中国云南省临沧市,4C级,民用运输机场,中国民用航空西南地区管理局,6941 m² （截至2022年12月）,5 个 （截至2022年12月）,2400 m （截至2022年12月）,2 条 （2023年夏秋航季）,2座（2023年夏秋航季）,47.0174万人次（2019年）,720.2吨（2019年）,5028架次（2019年）,云南机场集团有限责任公司 临沧机场,,,,,,,,,,,,,,,,,,,,,,
东营胜利机场,Dongying Shengli Airport,ZSDY,DOY,2001年11月28日,中国山东省东营市,4D级,民用运输机场,中国民用航空华东地区管理局,25380 m² （截至2022年1月）,7 个 （截至2022年1月）,3600 m （截至2022年1月）,13 条 （2022年夏秋航季）,18座（2022年夏秋航季）,682129 人次 （2021年）,705.2 吨 （2021年）,31569架次（2021年）,山东省机场管理集团有限公司 东营胜利机场集团有限责任公司,,,,,,,,,,,,,,,,,,,,,,
永州零陵机场,Yongzhou Lingling Airport,ZGLG,LLF,2001年4月30日,中国湖南省永州市,4C级,军民合用机场,中国民用航空中南地区管理局,4706 m² （截至2021年1月）,6 个 （截至2021年1月）,2600 m （截至2020年1月）,2 条 （2023/2024年冬春航季）,3座（2023/2024年冬春航季）,155568 人次 （2024年）,2.4 吨 （2024年）,1450架次（2024年）,湖南省机场管理集团有限公司 湖南机场股份有限公司永州零陵机场分公司,,,,,,,,,,,,,,,,,,,,,,
九寨黄龙机场,Jiuzhai Huanglong Airport,ZUJZ,JZH,2003年9月28日,中国四川省阿坝州松潘县,4D,民用运输机场,中国民用航空西南地区管理局,2万平方米（截至2020年3月）,12个（截至2020年3月）,3400米（截至2020年3月）,14 条 （2021年夏秋航季）,12座（2021年夏秋航季）,150029 人次 （2021年）,16.9 吨 （2021年）,2222架次（2021年）,四川省机场集团有限公司 四川九寨黄龙机场有限责任公司,,,,,,,,,,,,,,,,,,,,,,
攀枝花保安营机场,Panzhihua Baoanying Airport,ZUZH,PZI,2003年12月6日,中国四川省攀枝花市,4C级,民用运输机场,中国民用航空西南地区管理局,3500 m² （截至2020年8月）,8 个 （截至2020年8月）,2800 m （截至2020年8月）,10 条 （截至2020年5月）,9座（截至2020年5月）,54.7023万人次（2019年）,1700.1吨（2019年）,5668架次（2019年）,四川省机场集团有限公司 攀枝花保安营机场有限责任公司,,,,,,,,,,,,,,,,,,,,,,
乌海机场,Wuhai Airport,ZBUH,WUA,2003年12月12日,中国内蒙古自治区乌海市,4C级,民用运输机场,中国民用航空华北地区管理局,12480平方米（截至2020年4月）,7个（截至2020年4月）,2600米（截至2020年4月）,14 条 （2023年夏秋航季）,18座（2023年夏秋航季）,52.4168万人次（2019年）,724.5吨（2019年）,5587架次（2019年）,内蒙古自治区民航机场管理集团有限责任公司 内蒙古乌海民航机有限责任公司,,,,,,,,,,,,,,,,,,,,,,
连城冠豸山机场,Liancheng Guanzhaishan Airport,ZSLO,LCX,2004年4月25日,中国福建省龙岩市连城县,4C,军民合用机场,中国民用航空华东地区管理局,6500 m² （截至2022年10月）,3 个 （截至2022年10月）,2400 m （截至2022年10月）,5 条 （2023年夏秋航季）,7座（2023年夏秋航季）,141785 人次 （2021年）,728.2 吨 （2021年）,1908架次 （2021年）,元翔（龙岩）冠豸山机场有限公司,,,,,,,,,,,,,,,,,,,,,,
兴义万峰林机场,Xingyi Wanfenglin Airport,ZUYI,ACX,2004年7月18日,中国贵州省黔西南州兴义市,4C,民用运输机场,中国民用航空西南地区管理局,15298平方米（截至2020年3月）,13个（截至2020年3月）,2800米（截至2020年3月）,21 条 （2024年夏航季）,25座（2024年夏航季）,1001683 人次 （2021年）,2039.6 吨 （2021年）,11783架次（2021年）,贵州省机场集团有限公司 兴义机场分公司,,,,,,,,,,,,,,,,,,,,,,
满洲里西郊机场,Manzhouli Xijiao Airport,ZBMZ,NZH,2005年2月25日,中国内蒙古自治区呼伦贝尔市满洲里市,4D级,民用运输机场,中国民用航空华北地区管理局,20700平方米（截至2019年10月）,7个（截至2019年10月）,2800米（截至2019年10月）,10 条 （2023年夏秋航季）,10座（2023年夏秋航季）,90395 人次 （2022年）,53.6 吨 （2022年）,1216架次（2022年）,海南机场设施股份有限公司 满洲里西郊机场有限责任公司,,,,,,,,,,,,,,,,,,,,,,
忻州五台山机场,Xinzhou Wutaishan Airport,ZBXZ,WUT,2015年12月25日,中国山西省忻州市,4C级,军民合用机场,中国民用航空华北地区管理局,13340平方米（截至2020年3月）,5个（截至2020年3月）,2600米（截至2020年3月）,9 条 （2024年夏秋航季）,13座（2024年夏秋航季）,297052 人次 （2021年）,167.3 吨 （2021年）,4418架次（2021年）,山西航空产业集团有限公司 忻州市五台山机场有限责任公司,,,,,,,,,,,,,,,,,,,,,,
文山砚山机场,Wenshan Yanshan Airport,ZPWS,WNH,2006年8月30日,中国云南省文山壮族苗族自治州,4C级,民用运输机场,中国民用航空西南地区管理局,3200平方米（截至2020年4月）,4个（截至2020年4月）,2400米（截至2020年4月）,12 条 （2021年夏秋航季）,14座（2021年夏秋航季）,17.09 万人次 （2020年）,128.9 吨 （2020年）,8826架次（2020年）,云南机场集团有限责任公司,,,,,,,,,,,,,,,,,,,,,,
怀化芷江机场,Huaihua Zhijiang Airport,ZGCJ,HJJ,2005年12月19日,中国湖南省怀化市,4C级,军民合用机场,中国民用航空中南地区管理局,2000 m² （截至2021年2月）,4 个 （截至2021年2月）,2600 m （截至2021年2月）,7 条 （2022年夏秋航季）,11座（2022年夏秋航季）,349195 人次 （2021年）,7.6 吨 （2021年）,32886架次（2021年）,湖南省机场管理集团有限公司 湖南机场股份有限公司怀化芷江机场分公司,,,,,,,,,,,,,,,,,,,,,,
林芝米林机场,Nyingchi Mainling Airport,ZUNZ,LZY,2006年9月1日,中国西藏自治区林芝市,4D级,军民合用机场,中国民用航空西南地区管理局,10360平方米（截至2019年4月）,19 个 （截至2021年3月）,3000 m （截至2019年4月）,15条（截至2018年12月）,12个（截至2018年12月）,55.7878万人次（2019年）,2526.2吨（2019年）,6894架次（2019年）,中国民用航空西藏自治区管理局 林芝航站,,,,,,,,,,,,,,,,,,,,,,
新源那拉提机场,Xinyuan Nalati Airport,ZWNL,NLT,2006年7月15日,新疆维吾尔自治区伊犁哈萨克自治州新源县,4C,民用运输机场,中国民用航空新疆管理局,2896 m² （截至2013年5月）,4 个 （截至2014年5月）,2300 m （截至2014年5月）,4 条 （2020夏秋航季）,4个（2020夏秋航季）,11.31 万人次 （2019年）,19.5 吨 （2019年）,2002架次（2019年）,新疆机场（集团）有限责任公司伊宁（那拉提）机场,,,,,,,,,,,,,,,,,,,,,,
莎车叶尔羌机场,Shache Yarkand Airport,ZWSC,QSZ,2017年8月1日,新疆维吾尔自治区喀什地区莎车县,4C,民用运输机场,中国民用航空新疆管理局,8725 m² （截至2017年8月）,4 个 （截至2017年8月）,3000 m （截至2017年8月）,3 条 （2020夏秋航季）,3个（2020夏秋航季）,33.03 万人次 （2019年）,1076.4 吨 （2019年）,4285架次（2019年）,新疆机场（集团）有限责任公司,,,,,,,,,,,,,,,,,,,,,,
黔东南黎平机场,Qiandongnan Liping Airport,ZUNP,HZH,2005年11月6日,中国贵州省黔东南苗族侗族自治州,4C级,民用运输机场,中国民用航空西南地区管理局,3040 m² （截至2022年2月）,3 个 （截至2022年2月）,2200 m （截至2022年2月）,1 条 （2023年夏秋航季）,2座 （2023年夏秋航季）,14810 人次 （2022年）,,4080架次 （2022年）,贵州民航产业集团有限公司 贵州省黎平高屯机场有限责任公司,,,,,,,,,,,,,,,,,,,,,,
郴州北湖机场,Chenzhou Beihu Airport,ZGCZ,HCZ,2021年9月16日,中国湖南省郴州市,4C,民用运输机场,中国民用航空中南地区管理局,6419 m² （截至2021年9月）,6 个 （截至2021年9月）,2600 m （截至2021年9月）,6 条 （2022年夏秋航季）,11座（2022年夏秋航季）,43810 人次 （2021年）,,650架次（2021年）,湖南省机场管理集团有限公司 郴州北湖机场有限公司,,,,,,,,,,,,,,,,,,,,,,
图木舒克唐王城机场,Tumushuke Tangwangcheng Airport,ZWTS,TWC,2018年12月26日,中国新疆维吾尔自治区图木舒克市,4C级,民用运输机场,中国民用航空新疆管理局,6000 m² （截至2023年12月）,10 个 （截至2023年12月）,3000 m （截至2023年12月）,16 条 （2023年夏秋航季）,17座（2023年夏秋航季）,181382 人次 （2021年）,197.3 吨 （2021年）,3652架次（2021年）,新疆机场集团公司阿克苏（图木舒克）机场公司,,,,,,,,,,,,,,,,,,,,,,
陇南成县机场,Longnan Chengxian Airport,ZLLN,LNL,2018年3月25日,中国甘肃省陇南市,4C,民用运输机场,中国民用航空西北地区管理局,6632平方米（截至2020年3月）,6个（截至2020年3月）,2800米（截至2020年3月）,8 条 [18] （截至2024年1月）,16个 [18] （截至2024年1月）,338658 人次 （2023年）,108.8 吨 （2022年）,4535 （2023年）,甘肃省民航机场集团有限公司 陇南机场公司,,,,,,,,,,,,,,,,,,,,,,
湘西边城机场,Xiangxi Biancheng Airport,ZGXX,DXJ,2023年8月18日,中国湖南省湘西土家族苗族自治州,4C,民用运输机场,中国民用航空中南地区管理局,10999 m² （截至2023年8月）,5 个 （截至2023年8月）,2600 m （截至2023年8月）,2 条 （2023年夏秋航季）,2座（2023年夏秋航季）,,,,湖南省机场管理集团有限公司 湘西边城机场有限责任公司,,,,,,,,,,,,,,,,,,,,,,
岳阳三荷机场,Yueyang Sanhe Airport,ZGYY,YYA,2018年12月26日,中国湖南省岳阳市,4C级,民用运输机场,中国民用航空中南地区管理局,9000 m² （截至2020年8月）,6 个 （截至2020年8月）,2600 m （截至2020年8月）,18 条 （2022年夏秋航季）,21座（2022年夏秋航季）,36.48 万人次 （2022年）,88.0 吨 （2021年）,10168架次（2021年）,岳阳三荷机场投资建设管理有限公司,,,,,,,,,,,,,,,,,,,,,,
信阳明港机场,Xinyang Minggang Airport,ZHXY,XAI,2018年10月28日 （民航部分）,中国河南省信阳市,4C,军民合用机场,中国民用航空中南地区管理局,3000 m² （截至2018年10月）,5 个 （截至2018年10月）,2700 m （截至2018年10月）,,9个 （2025年夏秋航季）,32.28 万人次 （2024年）,,3324架次 （2024年）,信阳机场运营发展有限公司,,,,,,,,,,,,,,,,,,,,,,
奇台江布拉克机场,Qitai Jiangbulake Airport,ZWQT,JBK,2024年8月8日,中国新疆维吾尔自治区昌吉回族自治州,4C,民用机场,中国民用航空新疆管理局,5036 m² （截至2024年8月）,7 个 （截至2024年8月）,2800 m （截至2024年8月）,6 条 （2024年夏秋航季）,8座（2024年夏秋航季）,,,,新疆机场（集团）有限责任公司,,,,,,,,,,,,,,,,,,,,,,
鄂州花湖国际机场,Ezhou Huahu International Airport,ZHEC,EHU,2022年7月17日,中国湖北省 鄂州市,4E,民用运输机场,中国民用航空中南地区管理局,15000 m² （截至2022年6月）,124 个 （截至2022年6月）,3600 m （共2条，截至2022年6月）,15 条 （2023年夏秋航季）,21座（2023年夏秋航季）,420532 人次 （2023年）,1025000 吨 [93] （2024年）,16670架次（2023年）,湖北机场集团有限公司 湖北国际物流机场有限公司,,,,,,,,,,,,,,,,,,,,,,
玉林福绵机场,Yulin Fumian Airport,ZGYL,YLX,2020年8月28日,中国广西壮族自治区玉林市,4C级,民用运输机场,中国民用航空中南地区管理局,21100 m² （截至2020年8月）,7 个 （截至2020年8月）,2600 m （截至2020年8月）,14 条 （2022年夏秋航季）,14座（2022年夏秋航季）,363941 人次 （2021年）,30.0 吨 （2021年）,4587架次（2021年）,广西机场管理集团有限责任公司 玉林福绵机场有限公司,,,,,,,,,,,,,,,,,,,,,,
百色巴马机场,Baise Bama Airport,ZGBS,AEB,2007年2月4日,广西壮族自治区百色市,4C级,军民合用机场,中国民用航空中南地区管理局,1350平方米（截至2020年2月）,,2500米（截至2020年2月）,3 条 （2023年夏秋航季）,11座 [17],22.5185万人次(2019年),34.5吨（2019年）,2908架次(2019年),广西机场管理集团有限责任公司 百色机场有限责任公司,,,,,,,,,,,,,,,,,,,,,,
大兴安岭鄂伦春机场,Da Hinggan Ling Oroqen Airport,ZYJD,JGD,2012年6月18日,中国黑龙江省大兴安岭地区加格达奇区,4C级,民用运输机场,中国民用航空东北地区管理局,4870平方米（截至2015年2月）,3 个 （截至2021年1月）,2300米、500米，共2条（截至2015年2月）,6 条 （截至2021年1月）,7个（截至2021年1月）,18.2783万人次（2019年）,97.4吨（2019年）,3558架次（2019年）,黑龙江省机场管理集团有限公司 [7],,,,,,,,,,,,,,,,,,,,,,
阆中古城机场,Langzhong Gucheng Airport,ZULA,LZG,2023年12月17日,中国四川省南充市阆中市,4C,民用运输机场,中国民用航空西南地区管理局,7210 m² （截至2023年12月）,11 个 （截至2023年12月）,2600 m （截至2023年12月）,4 条 （2024/2025年冬春航季）,4座（2024/2025年冬春航季）,17 万人次 [32] （2024年）,,,阆中古城机场管理有限公司,,,,,,,,,,,,,,,,,,,,,,
白城长安机场,BaiCheng ChangAn Airport,ZYBA,DBC,2017年3月31日,中国吉林省白城市,4C级,民用运输机场,中国民用航空东北地区管理局,4500 m² （截至2021年2月）,4 个 （截至2021年2月）,2500 m （截至2021年2月）,4 条 （2024夏秋航季）,6座（2024夏秋航季）,154779 人次 （2023年）,0 吨 （2023年）,2346架次（2023年）,吉林省民航机场集团公司白城机场分公司,,,,,,,,,,,,,,,,,,,,,,
朔州滋润机场,Shuozhou Zirun Airport,ZBSG,SZH,2023年12月18日,中国山西省朔州市,4C,民用运输机场,中国民用航空华北地区管理局,6500 m² （截至2023年12月）,10 个 （截至2023年12月）,2600 m （截至2023年12月）,3 条 （2023/2024年冬春航季）,5座（2023/2024年冬春航季）,,,,朔州机场建设管理有限公司 山西航空产业集团有限公司,,,,,,,,,,,,,,,,,,,,,,
邵阳武冈机场,Shaoyang Wugang Airport,ZGSY,WGN,2017年6月28日,中国湖南省邵阳市武冈市,4C级,民用运输机场,中国民用航空中南地区管理局,3210 m² （截至2021年2月）,4 个 （截至2021年2月）,2600 m （截至2021年2月）,2 条 （2022年夏秋航季）,3座（2022年夏秋航季）,302563 人次 （2021年）,3.8 吨 （2021年）,4250架次（2021年）,湖南省机场管理集团有限公司 邵阳武冈机场有限责任公司,,,,,,,,,,,,,,,,,,,,,,
于田万方机场,Yutian Wanfang Airport,ZWYT,YTW,2020年12月26日,中国新疆维吾尔自治区和田地区于田县,4C,军民合用机场,中国民用航空新疆管理局,3010 m² （截至2020年12月）,6 个 （截至2020年12月）,3200 m （截至2020年12月）,8 条 （2021年夏秋航季）,7座 （2021年夏秋航季）,1218 人次 （2020年）,0.3 吨 （2020年）,18架次（2020年）,新疆机场（集团）有限责任公司和田机场,,,,,,,,,,,,,,,,,,,,,,
阿里昆莎机场,Nagri Gunsa Airport,ZUAL,NGQ,2010年7月1日,中国西藏自治区阿里地区,4D级,军民合用机场 [21],中国民用航空西南地区管理局,3969平方米（截至2020年4月）,4个（截至2020年4月）,4500米（截至2020年4月）,5 条 （2021年夏秋航季）,5座（2021年夏秋航季）,96425 人次 （2020年）,28.5 吨 （2020年）,1314架次（2020年）,中国民用航空西藏自治区管理局 中国民用航空阿里航站,,,,,,,,,,,,,,,,,,,,,,
扎兰屯成吉思汗机场,Zhalantun Genghis Khan Airport,ZBZL,NZL,2016年12月28日,内蒙古自治区扎兰屯市,4C,民用运输机场,中国民用航空华北地区管理局,8400 m² （截至2017年12月）,5 个 （截至2017年12月）,2500 m （截至2017年12月）,3 条 （2020夏秋航季）,3个 （2020夏秋航季）,14.12 万人次 （2019年）,61.9 吨 （2019年）,14868架次（2019年）,内蒙古自治区民航机场管理集团有限责任公司 内蒙古扎兰屯民航机场有限责任公司,,,,,,,,,,,,,,,,,,,,,,
霍林郭勒霍林河机场,Huolingol Huolinhe Airport,ZBHZ,HUO,2017年6月2日,内蒙古自治区通辽市霍林郭勒市,4C,民用运输机场,中国民用航空华北地区管理局,7471 m² （截至2017年5月）,3 个 （截至2017年5月）,2700 m （截至2017年5月）,3 条 （2020夏秋航季）,4个（2020夏秋航季）,8.40 万人次 （2019年）,5.3 吨 （2019年）,2321架次（2019年）,内蒙古自治区民航机场管理集团有限责任公司 内蒙古霍林河民航机场有限责任公司,,,,,,,,,,,,,,,,,,,,,,
松原查干湖机场,Songyuan Chaganhu Airport,ZYSQ,YSQ,2017年10月29日,中国吉林省松原市,4C级,民用运输机场,中国民用航空东北地区管理局,6000 m² （截至2019年7月）,5 个 （截至2019年7月）,2500 m （截至2019年7月）,5 条 [14] （2025年夏秋季）,8座 [14] （2025年夏秋季）,162667 人次 [15] （2024年）,13.4 吨 [15] （2024年）,39144架次 [15] （2024年）,海南空港控股运营管理有限公司 松原查干湖机场管理有限公司,,,,,,,,,,,,,,,,,,,,,,
丽水机场,Lishui Airport,ZSLI,LIJ,2025年7月18日,中国浙江省丽水市,4C,军民合用机场,中国民用航空华东地区管理局,12100 m² （截至2025年7月）,8 个 （截至2025年7月）,2800 m （截至2025年7月）,5 条 （2025年夏秋航季）,5座（2025年夏秋航季）,,,,浙江省机场集团有限公司,,,,,,,,,,,,,,,,,,,,2025年7月18日,,
沧源佤山机场,Cangyuan Washan Airport,ZPCW,CWJ,2016年12月8日,中国云南省临沧市沧源佤族自治县,4C级,民用运输机场,中国民用航空西南地区管理局,3000 m² （截至2016年12月）,4 个 （截至2016年10月）,2600 m （截至2016年10月）,5 条 （2020夏秋航季）,8个（2020夏秋航季）,33.72 万人次 （2019年）,98.8 吨 （2019年）,2944架次（2019年）,云南机场集团有限责任公司,,,,,,,,,,,,,,,,,,,,,,
昭苏天马机场,Zhaosu Tianma Airport,ZWZS,ZFL,2022年4月22日,中国新疆维吾尔自治区伊犁哈萨克自治州,4C,民用机场 [29],中国民用航空新疆管理局,3140 m² （截至2022年4月）,5 个 （截至2022年4月）,2800 m （截至2022年4月）,12 条 （2024年夏秋航季）,9 （2024年夏秋航季）,4808 人次 （2022年）,5.3 吨 （2022年）,92架次（2022年）,新疆机场（集团）有限责任公司昭苏机场,,,,,,,,,,,,,,,,,,,,,,
邯郸机场,Handan Airport,ZBHD,HDG,2007年8月8日,中国河北省邯郸市,4C,民用运输机场,中国民用航空华北地区管理局,20000 m² （截至2020年9月）,11 个 （截至2020年9月）,2600 m （截至2020年9月）,11 条 （2022年夏秋航季）,16座（2022年夏秋航季）,623633 人次 （2021年）,804.1 吨 （2021年）,49534架次（2021年）,邯郸机场集团有限公司,,,,,,,,,,,,,,,,,,,,,,
若羌楼兰机场,Ruoqiang Loulan Airport,,,2018年3月29日,中国新疆维吾尔自治区巴音郭楞蒙古自治州若羌县,4C级,民用运输机场,中国民用航空新疆管理局,6400平方米（截至2018年3月）,5个（截至2018年3月）,2800米（截至2018年3月）,2条（截至2020年5月）,2个（截至2020年5月）,13.1110万人次（2019年）,34.4吨（2019年）,2269架次（2019年）,新疆机场（集团）有限责任公司 库尔勒机场,,,,,,,,,,,,,,,,,,,,,IATA：RQA，ICAO：ZWRQ,
甘孜格萨尔机场,Ganzi Gesar Airport,ZUGZ,GZG,2019年9月16日,中国四川省甘孜藏族自治州,4C级,民用运输机场,中国民用航空西南地区管理局,3000平方米（截至2020年4月）,4个（截至2020年4月）,4000米（截至2020年4月）,1 条 （2023年夏秋航季）,1座（2023年夏秋航季）,80788 人次 （2021年）,6.6 吨 （2021年）,1718架次（2021年）,四川航空公司 四川康定机场集团有限责任公司 四川甘孜格萨尔机场有限责任公司,,,,,,,,,,,,,,,,,,,,,,
黔南荔波机场,Qian&#x27;nan Libo Airport,ZULB,LLB,2007年11月7日,中国贵州省黔南布依族苗族自治州,4C,民用运输机场,中国民用航空西南地区管理局,3334 m² （截至2022年1月）,2 个 （截至2022年1月）,2600 m [19] （截至2022年1月）,4 条 （2022年夏秋航季）,5座（2022年夏秋航季）,292 人次 （2023年）,,47架次（2023年） [16],贵州省机场集团有限公司 黔南州荔波机场有限责任公司,,,,,,,,,,,,,,,,,,,,,,
布尔津喀纳斯机场,Burqin Kanasi Airport,ZWKN,KJI,2007年8月15日,中国新疆维维吾尔自治区阿勒泰地区布尔津县,4C级,民用运输机场,中国民用航空新疆管理局,3379平方米（截至2015年11月）,4个（截至2015年11月）,2500米（截至2015年11月）,6条（截至2020年5月）,9个（截至2020年5月）,16.4511万人次（2019年）,9.6吨（2019年）,3059架次（2019年）,新疆机场（集团）有限责任公司 阿勒泰机场,,,,,,,,,,,,,,,,,,,,,,
承德普宁机场,Chengde Puning Airport,ZBCD,CDE,2017年5月31日,中国河北省承德市,4C级,民用运输机场,中国民用航空华北地区管理局,5000平方米（截至2017年6月）,5个（截至2017年6月）,2800米（截至2017年6月）,7 条 （2022年夏秋航季）,8座（2024年夏秋航季）,294900 人次 （2021年）,108.5 吨 （2021年）,2583架次（2021年）,首都机场集团公司 河北机场管理集团有限公司 承德机场有限公司,,,,,,,,,,,,,,,,,,,,,,
巴中恩阳机场,Bazhong Enyang Airport,ZUBZ,BZX,2019年2月3日 [3],中国四川省巴中市,4C级,民用运输机场,中国民用航空西南地区管理局,13000 m² [21],7个（截至2019年2月）,2600米，共1条（截至2019年2月）,16 条 [17] （2025-2026冬春航季航班）,16个 [17] （2025-2026冬春航季航班）,50.78 万人次 [46] （2024年）,45.3 吨 [26] （2024年）,7万架次 [46] （2024年）,四川九寨黄龙机场有限责任公司 [3] 巴中恩阳机场有限责任公司,,,,,,,,,,,,,,,,,,,,,,国内支线机场 [2]
漠河古莲机场,Mohe Gulian Airport,ZYMH,OHE,2008年6月18日,中国黑龙江省大兴安岭地区漠河市,4C,民用运输机场,中国民用航空东北地区管理局,6300 m² （截至2023年1月）,8 个 （截至2023年1月）,2800 m （截至2023年1月）,2 条 （2022/2023冬春航季）,2座（2022/2023冬春航季）,14458 人次 （2021年）,3.6 吨 （2021年）,298架次（2021年）,黑龙江省机场管理集团有限公司 漠河机场分公司,,,,,,,,,,,,,,,,,,,,,,
白山长白山机场,Baishan Changbaishan Airport,ZYBS,NBS,2008年8月3日,吉林省白山市抚松县,4D级,民用运输机场,中国民用航空东北地区管理局,20731 m² （截至2025年6月）,20 个 （截至2025年6月）,2600 m （截至2025年6月）,7 条 （2022年夏秋航季）,7座（2022年夏秋航季）,272168 人次 （2021年）,56.8 吨 （2021年）,3265架次（2021年）,首都机场集团公司 吉林省民航机场集团公司 长白山机场公司,,,,,,,,,,,,,,,,,,,,,,
天水麦积山机场,Tianshui Maijishan Airport,ZLTS,THQ,2008年9月28日,中国甘肃省天水市,3C级,军民合用机场,中国民用航空西北地区管理局,0.21万平方米（截至2019年4月）,,2800米，共1条（截至2019年4月）,,2个（截至2024年3月）,17.96万人次（2018年）,97.5吨（2018年）,0.31万架次（2018年）,甘肃省民航机场集团 [13],,,,,,,,,,,,,,,,,,,,,,
腾冲驼峰机场,Tenchong Tuofeng Airport,ZPTC,TCZ,2009年1月23日,中国云南省保山市,4C级,民用运输机场,中国民用航空西南地区管理局,27326平方米（截至2020年4月）,12个（截至2020年4月）,2350米（截至2020年4月）,14 条 （2022/2023年冬春航季）,13座（2022/2023年冬春航季）,136.7494万人次（2019年）,3005.7吨（2019年）,1.2542万架次（2019年）,云南机场集团有限公司腾冲机场,,,,,,,,,,,,,,,,,,,,,,
澜沧景迈机场,Lancang Jingmai Airport,ZPJM,JMJ,2017年5月26日,云南省普洱市澜沧县,4C,民用运输机场,中国民用航空西南地区管理局,3210 m² （截至2017年4月）,4 个 （截至2017年4月）,2600 m （截至2017年4月）,8 条 （2020夏秋航季）,6个 （2020夏秋航季）,45.34 万人次 （2019年）,176.3 吨 （2019年）,5076架次 （2019年）,云南机场集团有限责任公司 澜沧景迈机场,,,,,,,,,,,,,,,,,,,,,,
玉树巴塘机场,Yushu Bangtang Airport,ZLYS,YUS,2009年8月1日,中国青海省玉树藏族自治州,4C级,民用运输机场,中国民用航空西北地区管理局,10028 m² （截至2022年8月）,13 个 （截至2022年8月）,3800 m （截至2022年8月）,5 条 （2022年夏秋航季）,4座（2022年夏秋航季）,374561 人次 （2021年）,944.4 吨 （2021年）,4584架次（2021年）,西部机场集团青海机场有限公司 玉树机场分公司,,,,,,,,,,,,,,,,,,,,,,
大庆萨尔图机场,Daqing Sartu Airport,ZYDQ,DQA,2009年9月1日,中国黑龙江省大庆市,4C级,民用运输机场,中国民用航空东北地区管理局,13987 m² （截至2021年2月）,8 个 （截至2021年2月）,2600 m （截至2021年2月）,14 条 （截至2021年2月）,15座（截至2021年2月）,85.8021万人次（截至2019年）,1324.6吨（2019年）,6697架次（截至2019年）,黑龙江省机场管理集团有限公司 大庆萨尔图机场管理有限公司,,,,,,,,,,,,,,,,,,,,,,
伊春林都机场,Yichun Lindu Airport,ZYLD,LDS,2009年8月27日,中国 黑龙江省 伊春市 伊美区,4C级,民用运输机场,中国民用航空东北地区管理局,9139平方米（截至2019年12月）,8个（截至2020年12月）,2800米（截至2019年12月）,3 条 （2023年夏秋航季）,5座（2023年夏秋航季）,16.1776万人次（2019年）,26.2吨（2019年）,1804架次（2019年）,首都机场集团公司 黑龙江省机场管理集团有限公司 伊春机场有限责任公司,,,,,,,,,,,,,,,,,,,,,,
鸡西兴凯湖机场,Jixi Xingkai Lake Airport,ZYJX,JXA,2009年10月16日,中国黑龙江省鸡西市,4C级,民用运输机场,中国民用航空东北地区管理局,17676.75 m² （截至2022年1月）,10 个 （截至2022年1月）,2800 m （截至2022年1月）,8 条 （2025/2026年冬春航季）,11座 （2025/2026年冬春航季）,421675 人次 （2024年）,522.3 吨 （2024年）,3204架次 （2024年）,首都机场集团有限公司 黑龙江省机场管理集团有限公司,,,,,,,,,,,,,,,,,,,,,,
二连浩特赛乌素国际机场,Erenhot Saiwusu International Airport Ereen HôtSain Ûs  Guójìjīchǎng [30],ZBER,ERL,2010年4月1日,中国内蒙古自治区锡林郭勒盟二连浩特市,4C级,民用运输机场,中国民用航空华北地区管理局,10952平方米（截至2020年4月）,5个（截至2020年4月）,2800米（截至2020年4月）,5 条 （2024/2025年冬春航季）,7座（2024/2025年冬春航季）,227323 人次 （2024年）,60.2 吨 （2024年）,4170架次（2024年）,内蒙古自治区民航机场管理集团有限责任公司 二连浩特赛乌素机场管理有限公司,,,,,,,,,,,,,,,,,,,,,,
吐鲁番交河机场,Turpan Jiaohe Airport,ZWTL,TLQ,2010年7月9日,中国新疆维吾尔自治区吐鲁番市,4E级,民用运输机场,中国民用航空新疆管理局,5300 m² （截至2021年11月）,23 个 （截至2021年11月）,3200 m （截至2021年11月）,24 条 （2024年夏秋航季）,26 （2024年夏秋航季）,10.1 万人次 [53] （2024年7月）,59.1 吨 （2021年）,1219架次（2021年）,新疆机场（集团）有限责任公司,,,,,,,,,,,,,,,,,,,,,,
博乐阿拉山口机场,Bole Alashankou Airport,,,2010年7月10日,中国新疆维吾尔自治区博尔塔拉蒙古自治州博乐市,4C级,民用运输机场,中国民用航空新疆管理局,5000平方米（截至2019年7月）,4个（截至2019年7月）,2600米（截至2019年7月）,5条（截至2020年5月）,6个（截至2020年5月）,30.3664万人次（2019年）,44.4吨（2019年）,56156架次（2019年）,新疆机场（集团）有限责任公司,,,,,,,,,,,,,,,,,,,,,IATA：BPL，ICAO：ZWBL,
固原六盘山机场,Guyuan Liupanshan Airport,ZLGY,GYU,2010年6月26日,中国宁夏回族自治区固原市,4C级,民用运输机场,中国民用航空西北地区管理局,3500 m² （截至2022年12月）,5 个 （截至2022年12月）,2800 m （截至2022年12月）,5 条 （2023/2024年冬春航季）,8座（2023/2024年冬春航季）,182860 人次 （2021年）,12.6 吨 （2021年）,13606架次（2021年）,西部机场集团宁夏机场有限公司 固原分公司,,,,,,,,,,,,,,,,,,,,,,
阿里普兰机场,Nagri Pulan Airport,ZUPL,APJ,2023年12月27日,中国西藏自治区阿里地区,4C,军民合用机场,中国民用航空西南地区管理局,6000 m² （截至2023年12月）,5 个 （截至2023年12月）,4500 m （截至2023年12月）,,,143 人次 （2023年）,,2架次（2023年）,中国民用航空西藏自治区管理局 西部机场集团有限公司,,,,,,,,,,,,,,,,,,,,,,
唐山三女河机场,Tangshan Sannvhe Airport,ZBSN,TVS,2010年7月13日,中国河北省唐山市,4C级,军民合用机场,中国民用航空华北地区管理局,6187平方米（截至2020年5月）,8个（截至2020年5月）,2700米（截至2020年5月）,17 条 （2023年夏秋航季）,23座（2023年夏秋航季）,346024 人次 （2022年）,302.3 吨 （2022年）,4783架次（2022年）,海航集团有限公司 唐山三女河机场管理有限公司,,,,,,,,,,,,,,,,,,,,,,
淮安涟水国际机场,Huaian Lianshui International Airport,ZSSH,HIA,2010年9月26日,中国江苏省淮安市,4D级,民用运输机场,中国民用航空华东地区管理局,17700 m² （截至2021年4月）,22 个 （截至2021年4月）,2800 m （截至2021年4月）,23 条 （2022/2023年冬春航季）,28座（2022/2023年冬春航季）,1404683 人次 （2021年）,19637.4 吨 （2021年）,31194架次（2021年）,东部机场集团有限公司 淮安涟水国际机场有限责任公司,,,,,,,,,,,,,,,,,,,,,,
日喀则和平机场,Shigatse Heping Airport / Xigaze Peace Airport,,,2011年7月8日,中国西藏自治区日喀则市,4C级,军民合用机场,中国民用航空西南地区管理局,4502平方米（截至2019年4月）,3个（截至2019年4月）,5000米、3000米（截至2019年4月）,6条（截至2018年8月）,5个（截至2018年8月）,15.5432万人次（2019年）,430.2吨（2019年）,1856架次（2019年）,中国民用航空西藏自治区管理局,,,,,,,,,,,,,,,,,,,,,IATA：RKZ，ICAO：ZURK,
黔江武陵山机场,Qianjiang Wulingshan Airport,ZUQJ,JIQ,2010年11月22日,中国重庆市黔江区,4C级,民用运输机场,中国民用航空西南地区管理局,2900平方米（截至2020年5月）,4个（截至2020年5月）,2400米（截至2020年5月）,9条（2020年夏航季）,,49.8128万人次（2019年）,214.2吨（2019年）,5672架次（2019年）,重庆机场集团有限公司 重庆市黔江武陵山机场有限责任公司,,,,,,,,,,,,,,,,,,,,,,
金昌金川机场,Jinchang Jinchuan Airport,ZLJC,JIC,2011年8月29日,中国甘肃省金昌市,4C级,民用运输机场,中国民用航空西北地区管理局,3960平方米（截至2020年4月）,4个（截至2020年4月）,3000米（截至2020年4月）,4条（截至2020年4月）,6个（截至2020年4月）,19.3976万人次（2019年）,164.9吨（2019年）,2202架次（2019年）,甘肃省民航机场集团有限公司 金昌机场公司,,,,,,,,,,,,,,,,,,,,,,
阿尔山伊尔施机场,Arxan Yi&#x27;ershi Airport,ZBES,YIE,2011年8月28日,中国内蒙古自治区兴安盟阿尔山市,4C级,民用运输机场,中国民用航空华北地区管理局,5920平方米（截至2016年7月）,3个（截至截至2016年7月）,2400米（截至截至2016年7月）,3条（截至2020年5月）,4个（截至2020年5月）,10.4036万人次（2019年）,354.2吨（2019年）,2208架次（2019年）,内蒙古民航机场集团公司 阿尔山民航机场有限责任公司,,,,,,,,,,,,,,,,,,,,,,
张掖甘州机场,Zhangye Ganzhou Airport,ZLZY,YZY,2011年11月1日,中国甘肃省张掖市,4C级,军民合用机场,中国民用航空西北地区管理局,4189 m² （截至2022年7月）,3 个 （截至2022年7月）,3000 m （截至2022年7月）,7 条 （2024年夏秋航季）,8座（2024年夏秋航季）,428794 人次 （2023年）,850.1 吨 （2023年）,3799架次（2023年）,甘肃省民航机场集团有限公司张掖机场公司,,,,,,,,,,,,,,,,,,,,,,
巴彦淖尔天吉泰机场,Bayannur Tianjitai Airport,ZBYZ,RLK,2011年12月30日,中国内蒙古自治区巴彦淖尔市,4C级,民用运输机场,中国民用航空华北地区管理局,7076 m² （截至2019年11月）,6 个 （截至2019年11月）,2600 m （截至2019年11月）,7 条 （2020夏秋航季）,8个（2020夏秋航季）,42.89 万人次 （2019年）,807.8 吨 （2019年）,5627架次（2019年）,内蒙古自治区民航机场集团有限责任公司 内蒙古巴彦淖尔民航机场有限责任公司,,,,,,,,,,,,,,,,,,,,,,
扬州泰州国际机场,Yangzhou Taizhou International Airport,ZSYA,YTY,2012年5月8日,中国江苏省扬州市江都区,4E,民用运输机场,中国民用航空华东地区管理局,3.13 m² （截至2021年6月）,14 个 （截至2021年6月）,3200 m （1条，截至2021年6月）,35 条 （2025年-2026年冬春航季）,34个 （2025年-2026年冬春航季）,364.86 万人次 （2024年）,1.26 万吨 （2024年）,2.83万 （2024年）,东部机场集团有限公司 扬州泰州国际机场投资建设有限责任公司,,,,,,,,,,,,,,,,,,,,,,
稻城亚丁机场,Daocheng Yading Airport,ZUDC,DCY,2013年9月16日,中国四川省甘孜藏族自治州,4C级,民用运输机场,中国民用航空西南地区管理局,5000平方米（截至2013年9月）,4个（截至2013年9月）,4200米（截至2013年9月）,8条（截至2019年7月）,6个（截至2019年7月）,226273人次（2019年）,167.6吨（2019年）,2612架次（2019年）,四川康定机场集团有限责任公司 四川稻城亚丁机场有限责任公司,,,,,,,,,,,,,,,,,,,,,,
张家口宁远机场,Zhangjiakou Ningyuan Airport,ZBZJ,ZQZ,2013年6月16日,中国河北省张家口市,4C,军民合用机场,中国民用航空华北地区管理局,19300 m² （截至2021年2月）,14 个 （截至2021年2月）,3000 m （截至2021年2月）,9 条 （2024年夏航季）,5座（2024年夏航季）,464638 人次 （2021年）,39.4 吨 （2021年）,4617架次（2021年）,首都机场集团有限公司 河北机场管理集团有限公司 张家口机场有限公司,,,,,,,,,,,,,,,,,,,,,,
池州九华山机场,Chizhou Jiuhuashan Airport,ZSJH,JUH,2013年7月29日,中国 安徽省 池州市,4C [1],民用运输机场,中国民用航空华东地区管理局,1.17万平方米（截至2019年5月）,5个（截至2019年5月）,2400米，共1条（截至2019年5月）,,10个（截至2025年3月）,52.44万人次（2019年）,0.09万吨（2019年）,0.56万（2019年）,安徽民航机场集团有限公司池州九华山机场分公司,,,,,,,,,,,,,,,,,,,,,,
凯里黄平机场,Kaili Huangping Airport,ZUKJ,KJH,2013年10月2日,贵州省黔东南苗族侗族自治州,4C,民用运输机场,中国民用航空西南地区管理局,3500 m² （截至2013年9月）,3 个 （截至2013年9月）,2600 m （截至2013年9月）,3 条 （2020夏秋航季）,5个（2020夏秋航季）,9.48 万人次 （2019年）,4.5 吨 （2019年）,2596架次（2019年）,贵州省机场集团有限公司凯里黄平机场分公司,,,,,,,,,,,,,,,,,,,,,,
抚远东极机场,Fuyuan Dongji Airport,ZYFY,FYJ,2014年5月26日,中国 黑龙江省 佳木斯市 抚远市,4C级,民用运输机场,中国民用航空东北地区管理局,4107平方米（截至2020年6月）,4个（截至2020年6月）,2500米（截至2020年6月）,3 条 （2021/2022年冬春航季）,4个（2021/2022年冬春航季）,2.17 万人次 （2020年）,0 吨 （2020年）,374架次（2020年）,黑龙江省机场管理集团有限公司 抚远东极机场管理有限责任公司,,,,,,,,,,,,,,,,,,,,,,
阿拉善左旗巴彦浩特机场,Alax Zuoqi Bayanhot Airport,ZBAL,AXF,2013年12月17日,中国内蒙古自治区阿拉善盟阿拉善左旗,3C级,民用运输机场,中国民用航空华北地区管理局,1500平方米（截止2019年12月）,3个（截至2019年12月）,2400米（截至2019年12月）,4条（截至2020年6月）,4个（截至2020年6月）,15.6042万人次（2019年）,0.9吨（2019年）,4830架次（2019年）,内蒙古自治区民航机场管理集团有限责任公司,,,,,,,,,,,,,,,,,,,,,,
阿拉善右旗巴丹吉林机场,Alax Youqi Badain Jaran Airport,ZBAR,RHT,2013年12月17日,中国内蒙古自治区阿拉善盟阿拉善右旗,3C,民用运输机场,中国民用航空华北地区管理局,1000 m² （截至2021年2月）,2 个 （截至2021年2月）,2400 m （截至2021年2月）,1 条 （2022年夏秋航季）,1座（2022年夏秋航季）,906 人次 [11] （2023年）,,635架次 （2023年）,内蒙古阿拉善民航机场有限责任公司,,,,,,,,,,,,,,,,,,,,,,
额济纳旗桃来机场,Ejinaqi Taolai Airport,ZBEN,EJN,2013年12月17日,中国内蒙古自治区阿拉善盟,3C,民用运输机场,中国民用航空华北地区管理局,480 m² （截至2019年12月）,2 个 （截至2019年12月）,2000 m （截至2019年12月）,2 条 （2020夏秋航季）,2个（2020夏秋航季）,2.15 万人次 （2019年）,0.4 吨 （2019年）,666架次（2019年）,内蒙古自治区民航机场管理集团有限责任公司,,,,,,,,,,,,,,,,,,,,,,
吕梁大武机场,Lvliang Dawu Airport,ZBLL,LLV,2014年1月26日,中国山西省吕梁市,4C级,民用运输机场,中国民用航空华北地区管理局,13258.3 m² （截至2020年3月）,7个（截至2020年3月）,2600米（截至2020年3月）,8 条 （2022年夏秋航季）,12（2022年夏秋航季）,379659 人次 （2021年）,682.2 吨 （2021年）,6381架次（2021年）,山西航空产业集团有限公司 吕梁机场有限责任公司,,,,,,,,,,,,,,,,,,,,,,
神农架红坪机场,Shennongjia Hongping Airport,ZHSN,HPG,2014年5月8日,中国湖北省神农架林区,4C,民用运输机场,中国民用航空中南地区管理局,4000 m² （截至2021年2月）,3 个 （截至2021年2月）,2800 m （截至2021年2月）,3 条 （2021/2022年冬春航季）,3座（2021/2022年冬春航季）,20263 人次 （2021年）,,688架次（2021年）,神农架机场有限公司,,,,,,,,,,,,,,,,,,,,,,
海西德令哈机场,Haixi Delingha Airport,ZLDL,HXD,2014年6月16日,中国青海省海西蒙古族藏族自治州,4C级,民用运输机场,中国民用航空西北地区管理局,4400平方米（截至2020年4月）,4个（截至2020年4月）,3000米（截至2020年4月）,3条（截至2020年3月）,3个（截至2020年3月）,10.7563万人次（2019年）,1201.5吨（2019年）,1889架次（2019年）,西部机场集团青海机场有限公司德令哈机场分公司,,,,,,,,,,,,,,,,,,,,,,
河池金城江机场,Hechi Jinchengjiang Airport,ZGHC,HCJ,2014年8月28日,广西壮族自治区河池市,4C级,民用运输机场,中国民用航空中南地区管理局,4621平方米（截至2020年2月）,3个（截至2020年2月）,2200米（截至2020年2月）,3 条 （2023年夏秋航季）,5座（2023年夏秋航季）,20963人次（2019年）,0吨（2019年）,650架次（2019年）,广西机场管理集团有限责任公司 河池金城江机场有限责任公司,,,,,,,,,,,,,,,,,,,,,IATA：HCJ，ICAO：ZGHC,
阿坝红原机场,Aba Hongyuan Airport,ZUHY,AHJ,2014年8月28日,中国四川省阿坝藏族羌族自治州红原县,4C,民用运输机场,中国民用航空西南地区管理局,7500 m² （截至2020年12月）,3 个 （截至2020年12月）,3600 m （截至2020年12月）,2 条 （2022年夏秋航季）,2座（2024年夏秋航季）,22748 人次 （2021年）,,566架次（2021年）,阿坝红原机场有限责任公司,,,,,,,,,,,,,,,,,,,,,,
六盘水月照机场,Liupanshui Yuezhao Airport,ZUPS,LPF,2014年11月28日,中国贵州省六盘水市,4C,民用运输机场,中国民用航空西南地区管理局,8342 m²,3 个,2800 m,2 条 （2024年冬春航季）,2个 （2024年冬春航季）,1.92 万人次 （2022年）,1.65 吨 （2022年）,282架次 （2022年）,六盘水月照机场有限责任公司,,,,,,,,,,,,,,,,,,,,,,
遵义茅台机场,Zunyi Maotai Airport,ZUMT,WMT,2017年10月31日,中国贵州省遵义市仁怀市,4C,民用运输机场,中国民用航空西南地区管理局,15000 m² （截至2019年）,9 个 （截至2019年）,2600 m （截至2019年）,,27个 （2024年冬航季）,155.4 万人次 [40] （2024年）,1650 吨 [40] （2024年）,16178架次 [40] （2024年）,贵州遵义茅台机场有限责任公司,,,,,,,,,,,,,,,,,,,,,,
北京大兴国际机场,Beijing Daxing International Airport,ZBAD,PKX,2019年9月25日,中国 北京市 、河北省 廊坊市,4F,民用运输机场,中国民用航空华北地区管理局,780000 m² （截至2021年2月）,223 个 （截至2021年2月）,3条3800米、1条3400米，共4条（截至2019年9月）,179 条 （截至2021年5月）,149座 （截至2021年5月）,2505.10 万人次 （2021年）,18.59 万吨 （2021年）,21.12万架次 （2021年）,首都机场集团有限公司北京大兴国际机场,,,,,,,,,,,,,,,,,,,,,,
安康富强机场,Ankang Fuqiang Airport,ZLAK,AKA,2020年9月25日,中国陕西省安康市,4C级,军民合用支线机场 [23],中国民用航空西北地区管理局,5500 m² （截至2020年10月）,6 个 （截至2020年10月）,2600 m （截至2020年10月）,7 条 （2022年夏秋航季）,9座（2022年夏秋航季）,338805 人次 （2023年）,232.3 吨 （2023年）,38829架次（2023年）,西部机场集团安康机场有限公司,,,,,,,,,,,,,,,,,,,,,,
